match_id,team1,team2,toss_winner,toss_decision,venue,match_winner,team1_win,team1_strength,team2_strength,strength_diff
335982,1,6,1,field,M Chinnaswamy Stadium,6,0,0.4925925925925926,0.5151515151515151,-0.022558922558922556
1082591,2,1,1,field,"Rajiv Gandhi International Stadium, Uppal",2,1,0.46494464944649444,0.4925925925925926,-0.027647943146098142
1082592,4,3,4,field,Maharashtra Cricket Association Stadium,4,1,0.5,0.5523465703971119,-0.05234657039711188
1082593,5,6,6,field,Saurashtra Cricket Association Stadium,6,0,0.43333333333333335,0.5151515151515151,-0.08181818181818179
1082594,494,4,494,field,Holkar Cricket Stadium,494,1,0.4659090909090909,0.5,-0.034090909090909116
1082595,1,252,1,bat,M.Chinnaswamy Stadium,1,1,0.4925925925925926,0.45692883895131087,0.035663753641281715
1082596,2,5,2,field,"Rajiv Gandhi International Stadium, Uppal",2,1,0.46494464944649444,0.43333333333333335,0.03161131611316109
1082597,3,6,3,field,Wankhede Stadium,3,1,0.5523465703971119,0.5151515151515151,0.03719505524559674
1082598,494,1,1,bat,Holkar Cricket Stadium,494,1,0.4659090909090909,0.4925925925925926,-0.026683501683501698
1082599,4,252,4,field,Maharashtra Cricket Association Stadium,252,0,0.5,0.45692883895131087,0.04307116104868913
1082600,3,2,3,field,Wankhede Stadium,3,1,0.5523465703971119,0.46494464944649444,0.08740192095061744
1082601,6,494,6,field,Eden Gardens,6,1,0.5151515151515151,0.4659090909090909,0.049242424242424254
1082602,1,3,3,field,M Chinnaswamy Stadium,3,0,0.4925925925925926,0.5523465703971119,-0.0597539778045193
1082603,5,4,5,field,Saurashtra Cricket Association Stadium,5,1,0.43333333333333335,0.5,-0.06666666666666665
1082604,6,2,2,field,Eden Gardens,6,1,0.5151515151515151,0.46494464944649444,0.0502068657050207
1082605,252,494,252,bat,Feroz Shah Kotla,252,1,0.45692883895131087,0.4659090909090909,-0.008980251957780017
1082606,3,5,3,field,Wankhede Stadium,3,1,0.5523465703971119,0.43333333333333335,0.11901323706377853
1082607,1,4,1,field,M Chinnaswamy Stadium,4,0,0.4925925925925926,0.5,-0.007407407407407418
1082608,252,6,252,bat,Feroz Shah Kotla,6,0,0.45692883895131087,0.5151515151515151,-0.05822267620020427
1082609,2,494,494,field,"Rajiv Gandhi International Stadium, Uppal",2,1,0.46494464944649444,0.4659090909090909,-0.0009644414625964437
1082610,5,1,5,field,Saurashtra Cricket Association Stadium,1,0,0.43333333333333335,0.4925925925925926,-0.059259259259259234
1082611,2,252,2,bat,"Rajiv Gandhi International Stadium, Uppal",2,1,0.46494464944649444,0.45692883895131087,0.008015810495183573
1082612,494,3,3,field,Holkar Cricket Stadium,3,0,0.4659090909090909,0.5523465703971119,-0.086437479488021
1082613,6,5,5,field,Eden Gardens,5,0,0.5151515151515151,0.43333333333333335,0.08181818181818179
1082614,3,252,252,field,Wankhede Stadium,3,1,0.5523465703971119,0.45692883895131087,0.09541773144580101
1082615,4,2,4,field,Maharashtra Cricket Association Stadium,4,1,0.5,0.46494464944649444,0.03505535055350556
1082616,5,494,5,field,Saurashtra Cricket Association Stadium,494,0,0.43333333333333335,0.4659090909090909,-0.032575757575757536
1082617,6,1,1,field,Eden Gardens,6,1,0.5151515151515151,0.4925925925925926,0.022558922558922556
1082618,3,4,3,field,Wankhede Stadium,4,0,0.5523465703971119,0.5,0.05234657039711188
1082620,4,6,6,field,Maharashtra Cricket Association Stadium,6,0,0.5,0.5151515151515151,-0.015151515151515138
1082621,1,5,5,field,M Chinnaswamy Stadium,5,0,0.4925925925925926,0.43333333333333335,0.059259259259259234
1082622,6,252,6,field,Eden Gardens,6,1,0.5151515151515151,0.45692883895131087,0.05822267620020427
1082623,494,2,494,field,"Punjab Cricket Association IS Bindra Stadium, Mohali",2,0,0.4659090909090909,0.46494464944649444,0.0009644414625964437
1082624,4,1,1,field,Maharashtra Cricket Association Stadium,4,1,0.5,0.4925925925925926,0.007407407407407418
1082625,5,3,5,bat,Saurashtra Cricket Association Stadium,3,0,0.43333333333333335,0.5523465703971119,-0.11901323706377853
1082626,494,252,494,field,"Punjab Cricket Association IS Bindra Stadium, Mohali",494,1,0.4659090909090909,0.45692883895131087,0.008980251957780017
1082627,2,6,6,field,"Rajiv Gandhi International Stadium, Uppal",2,1,0.46494464944649444,0.5151515151515151,-0.0502068657050207
1082628,3,1,1,bat,Wankhede Stadium,3,1,0.5523465703971119,0.4925925925925926,0.0597539778045193
1082629,4,5,4,field,Maharashtra Cricket Association Stadium,4,1,0.5,0.43333333333333335,0.06666666666666665
1082630,252,2,252,field,Feroz Shah Kotla,252,1,0.45692883895131087,0.46494464944649444,-0.008015810495183573
1082631,6,4,4,field,Eden Gardens,4,0,0.5151515151515151,0.5,0.015151515151515138
1082632,252,5,252,field,Feroz Shah Kotla,252,1,0.45692883895131087,0.43333333333333335,0.02359550561797752
1082633,1,494,1,field,M Chinnaswamy Stadium,494,0,0.4925925925925926,0.4659090909090909,0.026683501683501698
1082634,2,4,2,field,"Rajiv Gandhi International Stadium, Uppal",4,0,0.46494464944649444,0.5,-0.03505535055350556
1082635,252,3,252,field,Feroz Shah Kotla,3,0,0.45692883895131087,0.5523465703971119,-0.09541773144580101
1082636,1,6,6,field,M Chinnaswamy Stadium,6,0,0.4925925925925926,0.5151515151515151,-0.022558922558922556
1082637,494,5,5,field,"Punjab Cricket Association IS Bindra Stadium, Mohali",5,0,0.4659090909090909,0.43333333333333335,0.032575757575757536
1082638,2,3,3,bat,"Rajiv Gandhi International Stadium, Uppal",2,1,0.46494464944649444,0.5523465703971119,-0.08740192095061744
1082639,494,6,6,field,"Punjab Cricket Association IS Bindra Stadium, Mohali",494,1,0.4659090909090909,0.5151515151515151,-0.049242424242424254
1082640,5,252,252,field,Green Park,252,0,0.43333333333333335,0.45692883895131087,-0.02359550561797752
1082641,3,494,3,field,Wankhede Stadium,494,0,0.5523465703971119,0.4659090909090909,0.086437479488021
1082642,252,4,252,bat,Feroz Shah Kotla,252,1,0.45692883895131087,0.5,-0.04307116104868913
1082643,5,2,2,field,Green Park,2,0,0.43333333333333335,0.46494464944649444,-0.03161131611316109
1082644,6,3,6,field,Eden Gardens,3,0,0.5151515151515151,0.5523465703971119,-0.03719505524559674
1082645,4,494,4,field,Maharashtra Cricket Association Stadium,4,1,0.5,0.4659090909090909,0.034090909090909116
1082646,252,1,1,bat,Feroz Shah Kotla,1,0,0.45692883895131087,0.4925925925925926,-0.035663753641281715
1082647,3,4,3,field,Wankhede Stadium,4,0,0.5523465703971119,0.5,0.05234657039711188
1082648,2,6,6,field,M Chinnaswamy Stadium,6,0,0.46494464944649444,0.5151515151515151,-0.0502068657050207
1082649,3,6,3,field,M Chinnaswamy Stadium,3,1,0.5523465703971119,0.5151515151515151,0.03719505524559674
1082650,3,4,3,bat,"Rajiv Gandhi International Stadium, Uppal",3,1,0.5523465703971119,0.5,0.05234657039711188
1136561,3,129,129,field,Wankhede Stadium,129,0,0.5523465703971119,0.5674603174603174,-0.015113747063205563
1136562,252,494,494,field,Punjab Cricket Association IS Bindra Stadium,494,0,0.45692883895131087,0.4659090909090909,-0.008980251957780017
1136563,1,6,6,field,Eden Gardens,6,0,0.4925925925925926,0.5151515151515151,-0.022558922558922556
1136564,134,2,2,field,Rajiv Gandhi International Stadium,2,0,0.5063829787234042,0.46494464944649444,0.04143832927690977
1136565,6,129,129,field,MA Chidambaram Stadium,129,0,0.5151515151515151,0.5674603174603174,-0.052308802308802305
1136566,134,252,252,field,Sawai Mansingh Stadium,134,1,0.5063829787234042,0.45692883895131087,0.04945413977209334
1136567,3,2,2,field,Rajiv Gandhi International Stadium,2,0,0.5523465703971119,0.46494464944649444,0.08740192095061744
1136568,494,1,1,field,M.Chinnaswamy Stadium,1,0,0.4659090909090909,0.4925925925925926,-0.026683501683501698
1136569,3,252,252,field,Wankhede Stadium,252,0,0.5523465703971119,0.45692883895131087,0.09541773144580101
1136570,6,2,2,field,Eden Gardens,2,0,0.5151515151515151,0.46494464944649444,0.0502068657050207
1136571,134,1,1,field,M.Chinnaswamy Stadium,134,1,0.5063829787234042,0.4925925925925926,0.013790386130811627
1136572,494,129,129,field,Punjab Cricket Association IS Bindra Stadium,494,1,0.4659090909090909,0.5674603174603174,-0.10155122655122656
1136573,6,252,252,field,Eden Gardens,6,1,0.5151515151515151,0.45692883895131087,0.05822267620020427
1136574,3,1,1,field,Wankhede Stadium,3,1,0.5523465703971119,0.4925925925925926,0.0597539778045193
1136575,134,6,6,field,Sawai Mansingh Stadium,6,0,0.5063829787234042,0.5151515151515151,-0.008768536428110929
1136576,494,2,494,bat,Punjab Cricket Association IS Bindra Stadium,494,1,0.4659090909090909,0.46494464944649444,0.0009644414625964437
1136577,129,134,134,field,Maharashtra Cricket Association Stadium,129,1,0.5674603174603174,0.5063829787234042,0.061077338736913234
1136578,6,494,494,field,Eden Gardens,494,0,0.5151515151515151,0.4659090909090909,0.049242424242424254
1136579,252,1,1,field,M.Chinnaswamy Stadium,1,0,0.45692883895131087,0.4925925925925926,-0.035663753641281715
1136580,129,2,2,field,Rajiv Gandhi International Stadium,129,1,0.5674603174603174,0.46494464944649444,0.102515668013823
1136581,3,134,3,bat,Sawai Mansingh Stadium,134,0,0.5523465703971119,0.5063829787234042,0.04596359167370767
1136582,494,252,252,field,Arun Jaitley Stadium,494,1,0.4659090909090909,0.45692883895131087,0.008980251957780017
1136583,2,3,3,field,Wankhede Stadium,2,1,0.46494464944649444,0.5523465703971119,-0.08740192095061744
1136584,1,129,129,field,M.Chinnaswamy Stadium,129,0,0.4925925925925926,0.5674603174603174,-0.07486772486772486
1136585,2,494,494,field,Rajiv Gandhi International Stadium,2,1,0.46494464944649444,0.4659090909090909,-0.0009644414625964437
1136586,252,6,6,field,Arun Jaitley Stadium,252,1,0.45692883895131087,0.5151515151515151,-0.05822267620020427
1136587,129,3,3,field,Maharashtra Cricket Association Stadium,3,0,0.5674603174603174,0.5523465703971119,0.015113747063205563
1136588,2,134,2,bat,Sawai Mansingh Stadium,2,1,0.46494464944649444,0.5063829787234042,-0.04143832927690977
1136589,1,6,6,field,M.Chinnaswamy Stadium,6,0,0.4925925925925926,0.5151515151515151,-0.022558922558922556
1136590,129,252,252,field,Maharashtra Cricket Association Stadium,129,1,0.5674603174603174,0.45692883895131087,0.11053147850900658
1136591,1,3,3,field,M.Chinnaswamy Stadium,1,1,0.4925925925925926,0.5523465703971119,-0.0597539778045193
1136592,252,134,134,field,Arun Jaitley Stadium,252,1,0.45692883895131087,0.5063829787234042,-0.04945413977209334
1136593,129,6,6,field,Eden Gardens,6,0,0.5674603174603174,0.5151515151515151,0.052308802308802305
1136594,494,3,3,field,Holkar Cricket Stadium,3,0,0.4659090909090909,0.5523465703971119,-0.086437479488021
1136595,1,129,129,field,Maharashtra Cricket Association Stadium,129,0,0.4925925925925926,0.5674603174603174,-0.07486772486772486
1136596,252,2,252,bat,Rajiv Gandhi International Stadium,2,0,0.45692883895131087,0.46494464944649444,-0.008015810495183573
1136597,3,6,6,field,Wankhede Stadium,3,1,0.5523465703971119,0.5151515151515151,0.03719505524559674
1136598,134,494,494,field,Holkar Cricket Stadium,494,0,0.5063829787234042,0.4659090909090909,0.040473887814313325
1136599,2,1,1,field,Rajiv Gandhi International Stadium,2,1,0.46494464944649444,0.4925925925925926,-0.027647943146098142
1136600,134,494,134,bat,Sawai Mansingh Stadium,134,1,0.5063829787234042,0.4659090909090909,0.040473887814313325
1136601,3,6,6,field,Eden Gardens,3,1,0.5523465703971119,0.5151515151515151,0.03719505524559674
1136602,252,2,252,bat,Arun Jaitley Stadium,2,0,0.45692883895131087,0.46494464944649444,-0.008015810495183573
1136603,129,134,129,bat,Sawai Mansingh Stadium,134,0,0.5674603174603174,0.5063829787234042,0.061077338736913234
1136604,6,494,494,field,Holkar Cricket Stadium,6,1,0.5151515151515151,0.4659090909090909,0.049242424242424254
1136605,252,1,1,field,Arun Jaitley Stadium,1,0,0.45692883895131087,0.4925925925925926,-0.035663753641281715
1136606,2,129,129,field,Maharashtra Cricket Association Stadium,129,0,0.46494464944649444,0.5674603174603174,-0.102515668013823
1136607,3,134,134,field,Wankhede Stadium,134,0,0.5523465703971119,0.5063829787234042,0.04596359167370767
1136608,494,1,1,field,Holkar Cricket Stadium,1,0,0.4659090909090909,0.4925925925925926,-0.026683501683501698
1136609,134,6,6,field,Eden Gardens,6,0,0.5063829787234042,0.5151515151515151,-0.008768536428110929
1136610,3,494,494,field,Wankhede Stadium,3,1,0.5523465703971119,0.4659090909090909,0.086437479488021
1136611,1,2,2,field,M.Chinnaswamy Stadium,1,1,0.4925925925925926,0.46494464944649444,0.027647943146098142
1136612,252,129,129,field,Arun Jaitley Stadium,252,1,0.45692883895131087,0.5674603174603174,-0.11053147850900658
1136613,134,1,134,bat,Sawai Mansingh Stadium,134,1,0.5063829787234042,0.4925925925925926,0.013790386130811627
1136614,2,6,2,bat,Rajiv Gandhi International Stadium,6,0,0.46494464944649444,0.5151515151515151,-0.0502068657050207
1136615,252,3,252,bat,Arun Jaitley Stadium,252,1,0.45692883895131087,0.5523465703971119,-0.09541773144580101
1136616,494,129,129,field,Maharashtra Cricket Association Stadium,129,0,0.4659090909090909,0.5674603174603174,-0.10155122655122656
1136617,2,129,129,field,Wankhede Stadium,129,0,0.46494464944649444,0.5674603174603174,-0.102515668013823
1136618,6,134,134,field,Eden Gardens,6,1,0.5151515151515151,0.5063829787234042,0.008768536428110929
1136619,2,6,6,field,Eden Gardens,2,1,0.46494464944649444,0.5151515151515151,-0.0502068657050207
1136620,2,129,129,field,Wankhede Stadium,129,0,0.46494464944649444,0.5674603174603174,-0.102515668013823
1175356,1,129,129,field,MA Chidambaram Stadium,129,0,0.4925925925925926,0.5674603174603174,-0.07486772486772486
1175357,2,6,6,field,Eden Gardens,6,0,0.46494464944649444,0.5151515151515151,-0.0502068657050207
1175358,252,3,3,field,Wankhede Stadium,252,1,0.45692883895131087,0.5523465703971119,-0.09541773144580101
1175359,494,134,134,field,Sawai Mansingh Stadium,494,1,0.4659090909090909,0.5063829787234042,-0.040473887814313325
1175360,252,129,252,bat,Arun Jaitley Stadium,129,0,0.45692883895131087,0.5674603174603174,-0.11053147850900658
1175361,6,494,494,field,Eden Gardens,6,1,0.5151515151515151,0.4659090909090909,0.049242424242424254
1175362,3,1,1,field,M.Chinnaswamy Stadium,3,1,0.5523465703971119,0.4925925925925926,0.0597539778045193
1175363,134,2,134,bat,Rajiv Gandhi International Stadium,2,0,0.5063829787234042,0.46494464944649444,0.04143832927690977
1175364,3,494,494,field,Punjab Cricket Association IS Bindra Stadium,494,0,0.5523465703971119,0.4659090909090909,0.086437479488021
1175365,6,252,252,field,Arun Jaitley Stadium,252,0,0.5151515151515151,0.45692883895131087,0.05822267620020427
1175366,2,1,1,field,Rajiv Gandhi International Stadium,2,1,0.46494464944649444,0.4925925925925926,-0.027647943146098142
1175367,129,134,134,field,MA Chidambaram Stadium,129,1,0.5674603174603174,0.5063829787234042,0.061077338736913234
1175368,494,252,252,field,Punjab Cricket Association IS Bindra Stadium,494,1,0.4659090909090909,0.45692883895131087,0.008980251957780017
1175369,1,134,134,field,Sawai Mansingh Stadium,134,0,0.4925925925925926,0.5063829787234042,-0.013790386130811627
1175370,3,129,129,field,Wankhede Stadium,3,1,0.5523465703971119,0.5674603174603174,-0.015113747063205563
1175371,252,2,2,field,Arun Jaitley Stadium,2,0,0.45692883895131087,0.46494464944649444,-0.008015810495183573
1175372,1,6,6,field,M.Chinnaswamy Stadium,6,0,0.4925925925925926,0.5151515151515151,-0.022558922558922556
1178393,129,494,129,bat,MA Chidambaram Stadium,129,1,0.5674603174603174,0.4659090909090909,0.10155122655122656
1178394,3,2,2,field,Rajiv Gandhi International Stadium,3,1,0.5523465703971119,0.46494464944649444,0.08740192095061744
1178395,1,252,252,field,M.Chinnaswamy Stadium,252,0,0.4925925925925926,0.45692883895131087,0.035663753641281715
1178396,134,6,6,field,Sawai Mansingh Stadium,6,0,0.5063829787234042,0.5151515151515151,-0.008768536428110929
1178397,2,494,494,field,Punjab Cricket Association IS Bindra Stadium,494,0,0.46494464944649444,0.4659090909090909,-0.0009644414625964437
1178398,6,129,129,field,MA Chidambaram Stadium,129,0,0.5151515151515151,0.5674603174603174,-0.052308802308802305
1178399,494,3,3,field,Wankhede Stadium,3,0,0.4659090909090909,0.5523465703971119,-0.086437479488021
1178400,134,129,129,field,Sawai Mansingh Stadium,129,0,0.5063829787234042,0.5674603174603174,-0.061077338736913234
1178401,6,252,252,field,Eden Gardens,252,0,0.5151515151515151,0.45692883895131087,0.05822267620020427
1178402,3,134,134,field,Wankhede Stadium,134,0,0.5523465703971119,0.5063829787234042,0.04596359167370767
1178403,494,1,1,field,Punjab Cricket Association IS Bindra Stadium,1,0,0.4659090909090909,0.4925925925925926,-0.026683501683501698
1178404,6,129,129,field,Eden Gardens,129,0,0.5151515151515151,0.5674603174603174,-0.052308802308802305
1178405,252,2,2,field,Rajiv Gandhi International Stadium,252,1,0.45692883895131087,0.46494464944649444,-0.008015810495183573
1178406,1,3,3,field,Wankhede Stadium,3,0,0.4925925925925926,0.5523465703971119,-0.0597539778045193
1178407,494,134,134,field,Punjab Cricket Association IS Bindra Stadium,494,1,0.4659090909090909,0.5063829787234042,-0.040473887814313325
1178408,129,2,129,bat,Rajiv Gandhi International Stadium,2,0,0.5674603174603174,0.46494464944649444,0.102515668013823
1178409,3,252,3,bat,Arun Jaitley Stadium,3,1,0.5523465703971119,0.45692883895131087,0.09541773144580101
1178410,1,6,6,field,Eden Gardens,1,1,0.4925925925925926,0.5151515151515151,-0.022558922558922556
1178411,3,134,134,field,Sawai Mansingh Stadium,134,0,0.5523465703971119,0.5063829787234042,0.04596359167370767
1178412,494,252,252,field,Arun Jaitley Stadium,252,0,0.4659090909090909,0.45692883895131087,0.008980251957780017
1178413,6,2,2,field,Rajiv Gandhi International Stadium,2,0,0.5151515151515151,0.46494464944649444,0.0502068657050207
1178414,1,129,129,field,M.Chinnaswamy Stadium,1,1,0.4925925925925926,0.5674603174603174,-0.07486772486772486
1178415,134,252,252,field,Sawai Mansingh Stadium,252,0,0.5063829787234042,0.45692883895131087,0.04945413977209334
1178416,2,129,129,field,MA Chidambaram Stadium,129,0,0.46494464944649444,0.5674603174603174,-0.102515668013823
1178417,1,494,494,field,M.Chinnaswamy Stadium,1,1,0.4925925925925926,0.4659090909090909,0.026683501683501698
1178418,6,134,134,field,Eden Gardens,134,0,0.5151515151515151,0.5063829787234042,0.008768536428110929
1178419,3,129,129,field,MA Chidambaram Stadium,3,1,0.5523465703971119,0.5674603174603174,-0.015113747063205563
1178420,2,134,134,field,Sawai Mansingh Stadium,134,0,0.46494464944649444,0.5063829787234042,-0.04143832927690977
1178421,252,1,252,bat,Arun Jaitley Stadium,252,1,0.45692883895131087,0.4925925925925926,-0.035663753641281715
1178422,6,3,3,field,Eden Gardens,6,1,0.5151515151515151,0.5523465703971119,-0.03719505524559674
1178423,2,494,494,field,Rajiv Gandhi International Stadium,2,1,0.46494464944649444,0.4659090909090909,-0.0009644414625964437
1178424,1,134,134,field,M.Chinnaswamy Stadium,134,0,0.4925925925925926,0.5063829787234042,-0.013790386130811627
1178425,129,252,252,field,MA Chidambaram Stadium,129,1,0.5674603174603174,0.45692883895131087,0.11053147850900658
1178426,3,2,3,bat,Wankhede Stadium,2,0,0.5523465703971119,0.46494464944649444,0.08740192095061744
1178427,494,6,6,field,Punjab Cricket Association IS Bindra Stadium,6,0,0.4659090909090909,0.5151515151515151,-0.049242424242424254
1178428,134,252,134,bat,Arun Jaitley Stadium,252,0,0.5063829787234042,0.45692883895131087,0.04945413977209334
1178429,2,1,1,field,M.Chinnaswamy Stadium,1,0,0.46494464944649444,0.4925925925925926,-0.027647943146098142
1178430,129,494,494,field,Punjab Cricket Association IS Bindra Stadium,494,0,0.5674603174603174,0.4659090909090909,0.10155122655122656
1178431,6,3,3,field,Wankhede Stadium,3,0,0.5151515151515151,0.5523465703971119,-0.03719505524559674
1181764,129,3,129,bat,MA Chidambaram Stadium,3,0,0.5674603174603174,0.5523465703971119,0.015113747063205563
1181766,2,252,252,field,Dr. Y.S. Rajasekhara Reddy ACA-VDCA Cricket Stadium,252,0,0.46494464944649444,0.45692883895131087,0.008015810495183573
1181767,252,129,129,field,Dr. Y.S. Rajasekhara Reddy ACA-VDCA Cricket Stadium,129,0,0.45692883895131087,0.5674603174603174,-0.11053147850900658
1181768,3,129,3,bat,Rajiv Gandhi International Stadium,3,1,0.5523465703971119,0.5674603174603174,-0.015113747063205563
1216492,3,129,129,field,Sheikh Zayed Stadium,129,0,0.5523465703971119,0.5674603174603174,-0.015113747063205563
1216493,252,494,494,field,Dubai International Cricket Stadium,494,0,0.45692883895131087,0.4659090909090909,-0.008980251957780017
1216494,6,1,6,bat,Sheikh Zayed Stadium,1,0,0.5151515151515151,0.4925925925925926,0.022558922558922556
1216495,3,2,2,field,Sharjah Cricket Stadium,2,0,0.5523465703971119,0.46494464944649444,0.08740192095061744
1216496,134,129,129,field,Sharjah Cricket Stadium,134,1,0.5063829787234042,0.5674603174603174,-0.061077338736913234
1216497,6,252,252,field,Sheikh Zayed Stadium,6,1,0.5151515151515151,0.45692883895131087,0.05822267620020427
1216498,494,2,2,field,Dubai International Cricket Stadium,494,1,0.4659090909090909,0.46494464944649444,0.0009644414625964437
1216499,1,3,3,field,Sheikh Zayed Stadium,3,0,0.4925925925925926,0.5523465703971119,-0.0597539778045193
1216500,252,134,134,field,Sharjah Cricket Stadium,252,1,0.45692883895131087,0.5063829787234042,-0.04945413977209334
1216501,6,129,6,bat,Sheikh Zayed Stadium,6,1,0.5151515151515151,0.5674603174603174,-0.052308802308802305
1216502,1,2,2,field,Sharjah Cricket Stadium,2,0,0.4925925925925926,0.46494464944649444,0.027647943146098142
1216503,3,494,494,field,Sheikh Zayed Stadium,3,1,0.5523465703971119,0.4659090909090909,0.086437479488021
1216504,6,134,134,field,Dubai International Cricket Stadium,6,1,0.5151515151515151,0.5063829787234042,0.008768536428110929
1216505,1,252,252,field,Sheikh Zayed Stadium,252,0,0.4925925925925926,0.45692883895131087,0.035663753641281715
1216506,494,129,129,field,Sheikh Zayed Stadium,129,0,0.4659090909090909,0.5674603174603174,-0.10155122655122656
1216507,2,134,2,bat,Dubai International Cricket Stadium,134,0,0.46494464944649444,0.5063829787234042,-0.04143832927690977
1216508,3,6,6,field,Sheikh Zayed Stadium,3,1,0.5523465703971119,0.5151515151515151,0.03719505524559674
1216509,129,252,129,bat,Sharjah Cricket Stadium,252,0,0.5674603174603174,0.45692883895131087,0.11053147850900658
1216510,494,1,1,field,Dubai International Cricket Stadium,494,1,0.4659090909090909,0.4925925925925926,-0.026683501683501698
1216511,3,134,3,bat,Sheikh Zayed Stadium,3,1,0.5523465703971119,0.5063829787234042,0.04596359167370767
1216512,6,2,2,field,Sheikh Zayed Stadium,2,0,0.5151515151515151,0.46494464944649444,0.0502068657050207
1216513,494,129,494,bat,Dubai International Cricket Stadium,129,0,0.4659090909090909,0.5674603174603174,-0.10155122655122656
1216514,134,1,134,bat,Sheikh Zayed Stadium,1,0,0.5063829787234042,0.4925925925925926,0.013790386130811627
1216515,252,6,6,field,Sharjah Cricket Stadium,252,1,0.45692883895131087,0.5151515151515151,-0.05822267620020427
1216516,2,129,2,bat,Dubai International Cricket Stadium,2,1,0.46494464944649444,0.5674603174603174,-0.102515668013823
1216517,3,494,3,bat,Dubai International Cricket Stadium,494,0,0.5523465703971119,0.4659090909090909,0.086437479488021
1216518,134,2,2,field,Dubai International Cricket Stadium,2,0,0.5063829787234042,0.46494464944649444,0.04143832927690977
1216519,252,1,1,field,Dubai International Cricket Stadium,252,1,0.45692883895131087,0.4925925925925926,-0.035663753641281715
1216520,6,494,494,field,Sharjah Cricket Stadium,494,0,0.5151515151515151,0.4659090909090909,0.049242424242424254
1216521,129,3,3,field,Sharjah Cricket Stadium,3,0,0.5674603174603174,0.5523465703971119,0.015113747063205563
1216522,134,1,134,bat,Dubai International Cricket Stadium,1,0,0.5063829787234042,0.4925925925925926,0.013790386130811627
1216523,6,494,6,bat,Sheikh Zayed Stadium,6,1,0.5151515151515151,0.4659090909090909,0.049242424242424254
1216524,2,252,252,field,Dubai International Cricket Stadium,2,1,0.46494464944649444,0.45692883895131087,0.008015810495183573
1216525,1,129,1,bat,Dubai International Cricket Stadium,1,1,0.4925925925925926,0.5674603174603174,-0.07486772486772486
1216526,6,3,6,bat,Sheikh Zayed Stadium,3,0,0.5151515151515151,0.5523465703971119,-0.03719505524559674
1216527,494,134,134,field,Sharjah Cricket Stadium,134,0,0.4659090909090909,0.5063829787234042,-0.040473887814313325
1216528,129,2,129,bat,Dubai International Cricket Stadium,129,1,0.5674603174603174,0.46494464944649444,0.102515668013823
1216529,252,3,252,bat,Sheikh Zayed Stadium,3,0,0.45692883895131087,0.5523465703971119,-0.09541773144580101
1216530,6,134,134,field,Dubai International Cricket Stadium,6,1,0.5151515151515151,0.5063829787234042,0.008768536428110929
1216531,1,494,1,bat,Sharjah Cricket Stadium,494,0,0.4925925925925926,0.4659090909090909,0.026683501683501698
1216532,2,252,252,field,Sheikh Zayed Stadium,2,1,0.46494464944649444,0.45692883895131087,0.008015810495183573
1216533,129,134,129,bat,Sheikh Zayed Stadium,134,0,0.5674603174603174,0.5063829787234042,0.061077338736913234
1216534,1,2,2,field,Dubai International Cricket Stadium,1,1,0.4925925925925926,0.46494464944649444,0.027647943146098142
1216535,252,3,3,field,Dubai International Cricket Stadium,3,0,0.45692883895131087,0.5523465703971119,-0.09541773144580101
1216536,6,129,129,field,Dubai International Cricket Stadium,129,0,0.5151515151515151,0.5674603174603174,-0.052308802308802305
1216537,494,134,134,field,Sheikh Zayed Stadium,134,0,0.4659090909090909,0.5063829787234042,-0.040473887814313325
1216538,3,2,3,bat,Sharjah Cricket Stadium,3,1,0.5523465703971119,0.46494464944649444,0.08740192095061744
1216539,252,129,129,field,Dubai International Cricket Stadium,252,1,0.45692883895131087,0.5674603174603174,-0.11053147850900658
1216540,1,6,1,bat,Sharjah Cricket Stadium,1,1,0.4925925925925926,0.5151515151515151,-0.022558922558922556
1216541,3,134,3,bat,Sheikh Zayed Stadium,134,0,0.5523465703971119,0.5063829787234042,0.04596359167370767
1216542,2,494,2,bat,Dubai International Cricket Stadium,2,1,0.46494464944649444,0.4659090909090909,-0.0009644414625964437
1216543,252,134,252,bat,Dubai International Cricket Stadium,252,1,0.45692883895131087,0.5063829787234042,-0.04945413977209334
1216544,1,129,1,bat,Dubai International Cricket Stadium,129,0,0.4925925925925926,0.5674603174603174,-0.07486772486772486
1216545,2,6,2,bat,Sheikh Zayed Stadium,6,0,0.46494464944649444,0.5151515151515151,-0.0502068657050207
1216546,252,494,252,bat,Dubai International Cricket Stadium,494,0,0.45692883895131087,0.4659090909090909,-0.008980251957780017
1216547,1,3,3,field,Dubai International Cricket Stadium,3,0,0.4925925925925926,0.5523465703971119,-0.0597539778045193
1237177,3,252,252,field,Dubai International Cricket Stadium,3,1,0.5523465703971119,0.45692883895131087,0.09541773144580101
1237178,1,2,2,field,Sheikh Zayed Stadium,2,0,0.4925925925925926,0.46494464944649444,0.027647943146098142
1237180,252,2,252,bat,Sheikh Zayed Stadium,252,1,0.45692883895131087,0.46494464944649444,-0.008015810495183573
1237181,252,3,252,bat,Dubai International Cricket Stadium,3,0,0.45692883895131087,0.5523465703971119,-0.09541773144580101
1254058,3,1,1,field,"MA Chidambaram Stadium, Chepauk, Chennai",1,0,0.5523465703971119,0.4925925925925926,0.0597539778045193
1254059,129,252,252,field,"Wankhede Stadium, Mumbai",252,0,0.5674603174603174,0.45692883895131087,0.11053147850900658
1254060,6,2,2,field,"MA Chidambaram Stadium, Chepauk, Chennai",6,1,0.5151515151515151,0.46494464944649444,0.0502068657050207
1254061,494,134,134,field,"Wankhede Stadium, Mumbai",494,1,0.4659090909090909,0.5063829787234042,-0.040473887814313325
1254062,3,6,6,field,"MA Chidambaram Stadium, Chepauk, Chennai",3,1,0.5523465703971119,0.5151515151515151,0.03719505524559674
1254063,1,2,2,field,"MA Chidambaram Stadium, Chepauk, Chennai",1,1,0.4925925925925926,0.46494464944649444,0.027647943146098142
1254064,252,134,134,field,"Wankhede Stadium, Mumbai",134,0,0.45692883895131087,0.5063829787234042,-0.04945413977209334
1254065,494,129,129,field,"Wankhede Stadium, Mumbai",129,0,0.4659090909090909,0.5674603174603174,-0.10155122655122656
1254066,3,2,3,bat,"MA Chidambaram Stadium, Chepauk, Chennai",3,1,0.5523465703971119,0.46494464944649444,0.08740192095061744
1254067,1,6,1,bat,"MA Chidambaram Stadium, Chepauk, Chennai",1,1,0.4925925925925926,0.5151515151515151,-0.022558922558922556
1254068,494,252,252,field,"Wankhede Stadium, Mumbai",252,0,0.4659090909090909,0.45692883895131087,0.008980251957780017
1254069,129,134,134,field,"Wankhede Stadium, Mumbai",129,1,0.5674603174603174,0.5063829787234042,0.061077338736913234
1254070,3,252,3,bat,"MA Chidambaram Stadium, Chepauk, Chennai",252,0,0.5523465703971119,0.45692883895131087,0.09541773144580101
1254071,494,2,494,bat,"MA Chidambaram Stadium, Chepauk, Chennai",2,0,0.4659090909090909,0.46494464944649444,0.0009644414625964437
1254072,129,6,6,field,"Wankhede Stadium, Mumbai",129,1,0.5674603174603174,0.5151515151515151,0.052308802308802305
1254073,134,1,1,field,"Wankhede Stadium, Mumbai",1,0,0.5063829787234042,0.4925925925925926,0.013790386130811627
1254074,3,494,494,field,"MA Chidambaram Stadium, Chepauk, Chennai",494,0,0.5523465703971119,0.4659090909090909,0.086437479488021
1254075,6,134,134,field,"Wankhede Stadium, Mumbai",134,0,0.5151515151515151,0.5063829787234042,0.008768536428110929
1254076,129,1,129,bat,"Wankhede Stadium, Mumbai",129,1,0.5674603174603174,0.4925925925925926,0.07486772486772486
1254077,252,2,252,bat,"MA Chidambaram Stadium, Chepauk, Chennai",2,0,0.45692883895131087,0.46494464944649444,-0.008015810495183573
1254078,494,6,6,field,"Narendra Modi Stadium, Ahmedabad",6,0,0.4659090909090909,0.5151515151515151,-0.049242424242424254
1254079,1,252,252,field,"Narendra Modi Stadium, Ahmedabad",1,1,0.4925925925925926,0.45692883895131087,0.035663753641281715
1254080,2,129,2,bat,"Arun Jaitley Stadium, Delhi",129,0,0.46494464944649444,0.5674603174603174,-0.102515668013823
1254081,134,3,3,field,"Arun Jaitley Stadium, Delhi",3,0,0.5063829787234042,0.5523465703971119,-0.04596359167370767
1254082,6,252,252,field,"Narendra Modi Stadium, Ahmedabad",252,0,0.5151515151515151,0.45692883895131087,0.05822267620020427
1254083,494,1,1,field,"Narendra Modi Stadium, Ahmedabad",494,1,0.4659090909090909,0.4925925925925926,-0.026683501683501698
1254084,129,3,3,field,"Arun Jaitley Stadium, Delhi",3,0,0.5674603174603174,0.5523465703971119,0.015113747063205563
1254085,134,2,2,field,"Arun Jaitley Stadium, Delhi",134,1,0.5063829787234042,0.46494464944649444,0.04143832927690977
1254086,494,252,252,field,"Narendra Modi Stadium, Ahmedabad",252,0,0.4659090909090909,0.45692883895131087,0.008980251957780017
1254087,1,6,1,bat,"Zayed Cricket Stadium, Abu Dhabi",6,0,0.4925925925925926,0.5151515151515151,-0.022558922558922556
1254088,3,2,3,bat,"Zayed Cricket Stadium, Abu Dhabi",3,1,0.5523465703971119,0.46494464944649444,0.08740192095061744
1254089,129,134,134,field,"Zayed Cricket Stadium, Abu Dhabi",134,0,0.5674603174603174,0.5063829787234042,0.061077338736913234
1254090,1,494,1,bat,Sharjah Cricket Stadium,1,1,0.4925925925925926,0.4659090909090909,0.026683501683501698
1254091,2,129,129,field,Sharjah Cricket Stadium,129,0,0.46494464944649444,0.5674603174603174,-0.102515668013823
1254092,252,6,6,field,Sharjah Cricket Stadium,6,0,0.45692883895131087,0.5151515151515151,-0.05822267620020427
1254093,134,3,3,field,Sharjah Cricket Stadium,3,0,0.5063829787234042,0.5523465703971119,-0.04596359167370767
1254094,129,494,494,field,Dubai International Cricket Stadium,494,0,0.5674603174603174,0.4659090909090909,0.10155122655122656
1254095,2,1,1,field,"Zayed Cricket Stadium, Abu Dhabi",2,1,0.46494464944649444,0.4925925925925926,-0.027647943146098142
1254096,3,6,6,field,"Zayed Cricket Stadium, Abu Dhabi",6,0,0.5523465703971119,0.5151515151515151,0.03719505524559674
1254097,252,134,134,field,"Zayed Cricket Stadium, Abu Dhabi",252,1,0.45692883895131087,0.5063829787234042,-0.04945413977209334
1254098,6,129,6,bat,"Zayed Cricket Stadium, Abu Dhabi",129,0,0.5151515151515151,0.5674603174603174,-0.052308802308802305
1254099,494,3,3,field,"Zayed Cricket Stadium, Abu Dhabi",3,0,0.4659090909090909,0.5523465703971119,-0.086437479488021
1254100,134,2,134,bat,Dubai International Cricket Stadium,2,0,0.5063829787234042,0.46494464944649444,0.04143832927690977
1254101,252,1,1,field,Dubai International Cricket Stadium,1,0,0.45692883895131087,0.4925925925925926,-0.035663753641281715
1254102,6,494,494,field,Dubai International Cricket Stadium,494,0,0.5151515151515151,0.4659090909090909,0.049242424242424254
1254103,134,1,1,field,Dubai International Cricket Stadium,1,0,0.5063829787234042,0.4925925925925926,0.013790386130811627
1254104,129,3,129,bat,Dubai International Cricket Stadium,129,1,0.5674603174603174,0.5523465703971119,0.015113747063205563
1254105,2,252,2,bat,Dubai International Cricket Stadium,252,0,0.46494464944649444,0.45692883895131087,0.008015810495183573
1254106,6,134,134,field,Sharjah Cricket Stadium,6,1,0.5151515151515151,0.5063829787234042,0.008768536428110929
1254107,494,2,2,field,Sharjah Cricket Stadium,494,1,0.4659090909090909,0.46494464944649444,0.0009644414625964437
1254108,1,3,3,field,Dubai International Cricket Stadium,1,1,0.4925925925925926,0.5523465703971119,-0.0597539778045193
1254109,2,6,2,bat,Dubai International Cricket Stadium,6,0,0.46494464944649444,0.5151515151515151,-0.0502068657050207
1254110,129,252,252,field,Dubai International Cricket Stadium,252,0,0.5674603174603174,0.45692883895131087,0.11053147850900658
1254111,134,494,494,field,Dubai International Cricket Stadium,134,1,0.5063829787234042,0.4659090909090909,0.040473887814313325
1254112,3,252,252,field,Sharjah Cricket Stadium,252,0,0.5523465703971119,0.45692883895131087,0.09541773144580101
1254113,1,129,129,field,Sharjah Cricket Stadium,129,0,0.4925925925925926,0.5674603174603174,-0.07486772486772486
1254114,252,129,129,field,Dubai International Cricket Stadium,129,0,0.45692883895131087,0.5674603174603174,-0.11053147850900658
1254115,1,6,1,bat,Sharjah Cricket Stadium,6,0,0.4925925925925926,0.5151515151515151,-0.022558922558922556
1254116,252,6,6,field,Sharjah Cricket Stadium,6,0,0.45692883895131087,0.5151515151515151,-0.05822267620020427
1254117,129,6,6,field,Dubai International Cricket Stadium,129,1,0.5674603174603174,0.5151515151515151,0.052308802308802305
1304047,129,6,6,field,"Wankhede Stadium, Mumbai",6,0,0.5674603174603174,0.5151515151515151,0.052308802308802305
1304048,3,252,252,field,"Brabourne Stadium, Mumbai",252,0,0.5523465703971119,0.45692883895131087,0.09541773144580101
1304049,1,494,494,field,"Dr DY Patil Sports Academy, Mumbai",494,0,0.4925925925925926,0.4659090909090909,0.026683501683501698
1304050,614,615,615,field,"Wankhede Stadium, Mumbai",615,0,0.5172413793103449,0.6166666666666667,-0.09942528735632183
1304051,134,2,2,field,"Maharashtra Cricket Association Stadium, Pune",134,1,0.5063829787234042,0.46494464944649444,0.04143832927690977
1304052,6,1,1,field,"Dr DY Patil Sports Academy, Mumbai",1,0,0.5151515151515151,0.4925925925925926,0.022558922558922556
1304053,129,614,614,field,"Brabourne Stadium, Mumbai",614,0,0.5674603174603174,0.5172413793103449,0.05021893814997258
1304054,494,6,6,field,"Wankhede Stadium, Mumbai",6,0,0.4659090909090909,0.5151515151515151,-0.049242424242424254
1304055,134,3,3,field,"Dr DY Patil Sports Academy, Mumbai",134,1,0.5063829787234042,0.5523465703971119,-0.04596359167370767
1304056,615,252,252,field,"Maharashtra Cricket Association Stadium, Pune",615,1,0.6166666666666667,0.45692883895131087,0.15973782771535583
1304057,494,129,129,field,"Brabourne Stadium, Mumbai",494,1,0.4659090909090909,0.5674603174603174,-0.10155122655122656
1304058,614,2,2,field,"Dr DY Patil Sports Academy, Mumbai",614,1,0.5172413793103449,0.46494464944649444,0.05229672986385042
1304059,134,1,1,field,"Wankhede Stadium, Mumbai",1,0,0.5063829787234042,0.4925925925925926,0.013790386130811627
1304060,3,6,6,field,"Maharashtra Cricket Association Stadium, Pune",6,0,0.5523465703971119,0.5151515151515151,0.03719505524559674
1304061,252,614,614,field,"Dr DY Patil Sports Academy, Mumbai",614,0,0.45692883895131087,0.5172413793103449,-0.060312540359033995
1304062,494,615,615,field,"Brabourne Stadium, Mumbai",615,0,0.4659090909090909,0.6166666666666667,-0.1507575757575758
1304063,129,2,2,field,"Dr DY Patil Sports Academy, Mumbai",2,0,0.5674603174603174,0.46494464944649444,0.102515668013823
1304064,3,1,1,field,"Maharashtra Cricket Association Stadium, Pune",1,0,0.5523465703971119,0.4925925925925926,0.0597539778045193
1304065,252,6,6,field,"Brabourne Stadium, Mumbai",252,1,0.45692883895131087,0.5151515151515151,-0.05822267620020427
1304066,134,614,614,field,"Wankhede Stadium, Mumbai",134,1,0.5063829787234042,0.5172413793103449,-0.010858400586940653
1304067,615,2,2,field,"Dr DY Patil Sports Academy, Mumbai",2,0,0.6166666666666667,0.46494464944649444,0.15172201722017226
1304068,129,1,1,field,"Dr DY Patil Sports Academy, Mumbai",129,1,0.5674603174603174,0.4925925925925926,0.07486772486772486
1304069,494,3,3,field,"Maharashtra Cricket Association Stadium, Pune",494,1,0.4659090909090909,0.5523465703971119,-0.086437479488021
1304070,615,134,134,field,"Dr DY Patil Sports Academy, Mumbai",615,1,0.6166666666666667,0.5063829787234042,0.11028368794326249
1304071,6,2,2,field,"Brabourne Stadium, Mumbai",2,0,0.5151515151515151,0.46494464944649444,0.0502068657050207
1304072,614,3,3,field,"Brabourne Stadium, Mumbai",614,1,0.5172413793103449,0.5523465703971119,-0.03510519108676702
1304073,1,252,252,field,"Wankhede Stadium, Mumbai",1,1,0.4925925925925926,0.45692883895131087,0.035663753641281715
1304074,494,2,2,field,"Dr DY Patil Sports Academy, Mumbai",2,0,0.4659090909090909,0.46494464944649444,0.0009644414625964437
1304075,129,615,615,field,"Maharashtra Cricket Association Stadium, Pune",615,0,0.5674603174603174,0.6166666666666667,-0.049206349206349254
1304076,134,6,6,field,"Brabourne Stadium, Mumbai",134,1,0.5063829787234042,0.5151515151515151,-0.008768536428110929
1304077,1,614,614,field,"Dr DY Patil Sports Academy, Mumbai",1,1,0.4925925925925926,0.5172413793103449,-0.02464878671775228
1304078,494,252,252,field,"Brabourne Stadium, Mumbai",252,0,0.4659090909090909,0.45692883895131087,0.008980251957780017
1304079,3,129,129,field,"Dr DY Patil Sports Academy, Mumbai",129,0,0.5523465703971119,0.5674603174603174,-0.015113747063205563
1304080,134,252,252,field,"Wankhede Stadium, Mumbai",134,1,0.5063829787234042,0.45692883895131087,0.04945413977209334
1304081,615,6,615,bat,"Dr DY Patil Sports Academy, Mumbai",615,1,0.6166666666666667,0.5151515151515151,0.10151515151515156
1304082,1,2,2,field,"Brabourne Stadium, Mumbai",2,0,0.4925925925925926,0.46494464944649444,0.027647943146098142
1304083,614,3,3,field,"Wankhede Stadium, Mumbai",614,1,0.5172413793103449,0.5523465703971119,-0.03510519108676702
1304084,494,129,129,field,"Wankhede Stadium, Mumbai",494,1,0.4659090909090909,0.5674603174603174,-0.10155122655122656
1304085,134,1,1,field,"Maharashtra Cricket Association Stadium, Pune",134,1,0.5063829787234042,0.4925925925925926,0.013790386130811627
1304086,2,615,615,field,"Wankhede Stadium, Mumbai",615,0,0.46494464944649444,0.6166666666666667,-0.15172201722017226
1304087,6,252,252,field,"Wankhede Stadium, Mumbai",252,0,0.5151515151515151,0.45692883895131087,0.05822267620020427
1304088,614,494,494,field,"Maharashtra Cricket Association Stadium, Pune",614,1,0.5172413793103449,0.4659090909090909,0.05133228840125398
1304089,1,615,1,bat,"Brabourne Stadium, Mumbai",615,0,0.4925925925925926,0.6166666666666667,-0.12407407407407411
1304090,134,3,3,field,"Dr DY Patil Sports Academy, Mumbai",3,0,0.5063829787234042,0.5523465703971119,-0.04596359167370767
1304091,614,252,614,bat,"Wankhede Stadium, Mumbai",614,1,0.5172413793103449,0.45692883895131087,0.060312540359033995
1304092,129,2,2,field,"Maharashtra Cricket Association Stadium, Pune",129,1,0.5674603174603174,0.46494464944649444,0.102515668013823
1304093,134,6,6,field,"Wankhede Stadium, Mumbai",6,0,0.5063829787234042,0.5151515151515151,-0.008768536428110929
1304094,615,494,615,bat,"Dr DY Patil Sports Academy, Mumbai",494,0,0.6166666666666667,0.4659090909090909,0.1507575757575758
1304095,1,129,129,field,"Maharashtra Cricket Association Stadium, Pune",1,1,0.4925925925925926,0.5674603174603174,-0.07486772486772486
1304096,252,2,2,field,"Brabourne Stadium, Mumbai",252,1,0.45692883895131087,0.46494464944649444,-0.008015810495183573
1304097,3,615,615,field,"Brabourne Stadium, Mumbai",3,1,0.5523465703971119,0.6166666666666667,-0.06432009626955482
1304098,494,134,494,bat,"Wankhede Stadium, Mumbai",134,0,0.4659090909090909,0.5063829787234042,-0.040473887814313325
1304099,614,6,6,field,"Maharashtra Cricket Association Stadium, Pune",614,1,0.5172413793103449,0.5151515151515151,0.002089864158829724
1304100,1,2,1,bat,"Wankhede Stadium, Mumbai",1,1,0.4925925925925926,0.46494464944649444,0.027647943146098142
1304101,129,252,252,field,"Dr DY Patil Sports Academy, Mumbai",129,1,0.5674603174603174,0.45692883895131087,0.11053147850900658
1304102,6,3,3,field,"Dr DY Patil Sports Academy, Mumbai",6,1,0.5151515151515151,0.5523465703971119,-0.03719505524559674
1304103,615,614,615,bat,"Maharashtra Cricket Association Stadium, Pune",615,1,0.6166666666666667,0.5172413793103449,0.09942528735632183
1304104,134,252,252,field,"Dr DY Patil Sports Academy, Mumbai",252,0,0.5063829787234042,0.45692883895131087,0.04945413977209334
1304105,129,3,3,field,"Wankhede Stadium, Mumbai",3,0,0.5674603174603174,0.5523465703971119,0.015113747063205563
1304106,494,1,1,field,"Brabourne Stadium, Mumbai",494,1,0.4659090909090909,0.4925925925925926,-0.026683501683501698
1304107,6,2,6,bat,"Maharashtra Cricket Association Stadium, Pune",6,1,0.5151515151515151,0.46494464944649444,0.0502068657050207
1304108,129,615,129,bat,"Wankhede Stadium, Mumbai",615,0,0.5674603174603174,0.6166666666666667,-0.049206349206349254
1304109,134,614,134,bat,"Brabourne Stadium, Mumbai",134,1,0.5063829787234042,0.5172413793103449,-0.010858400586940653
1304110,252,494,494,field,"Dr DY Patil Sports Academy, Mumbai",252,1,0.45692883895131087,0.4659090909090909,-0.008980251957780017
1304111,2,3,3,field,"Wankhede Stadium, Mumbai",2,1,0.46494464944649444,0.5523465703971119,-0.08740192095061744
1304112,614,6,614,bat,"Dr DY Patil Sports Academy, Mumbai",614,1,0.5172413793103449,0.5151515151515151,0.002089864158829724
1304113,615,1,615,bat,"Wankhede Stadium, Mumbai",1,0,0.6166666666666667,0.4925925925925926,0.12407407407407411
1304114,129,134,129,bat,"Brabourne Stadium, Mumbai",134,0,0.5674603174603174,0.5063829787234042,0.061077338736913234
1304115,252,3,3,field,"Wankhede Stadium, Mumbai",3,0,0.45692883895131087,0.5523465703971119,-0.09541773144580101
1304116,2,494,2,bat,"Wankhede Stadium, Mumbai",494,0,0.46494464944649444,0.4659090909090909,-0.0009644414625964437
1312197,134,615,615,field,"Eden Gardens, Kolkata",615,0,0.5063829787234042,0.6166666666666667,-0.11028368794326249
1312198,1,614,614,field,"Eden Gardens, Kolkata",1,1,0.4925925925925926,0.5172413793103449,-0.02464878671775228
1312199,1,134,134,field,"Narendra Modi Stadium, Ahmedabad",134,0,0.4925925925925926,0.5063829787234042,-0.013790386130811627
1312200,134,615,134,bat,"Narendra Modi Stadium, Ahmedabad",615,0,0.5063829787234042,0.6166666666666667,-0.11028368794326249
1359475,129,615,615,field,"Narendra Modi Stadium, Ahmedabad",615,0,0.5674603174603174,0.6166666666666667,-0.049206349206349254
1359476,494,6,6,field,"Punjab Cricket Association IS Bindra Stadium, Mohali, Chandigarh",494,1,0.4659090909090909,0.5151515151515151,-0.049242424242424254
1359477,614,252,252,field,"Bharat Ratna Shri Atal Bihari Vajpayee Ekana Cricket Stadium, Lucknow",614,1,0.5172413793103449,0.45692883895131087,0.060312540359033995
1359478,134,2,2,field,"Rajiv Gandhi International Stadium, Uppal, Hyderabad",134,1,0.5063829787234042,0.46494464944649444,0.04143832927690977
1359479,3,1,1,field,"M Chinnaswamy Stadium, Bengaluru",1,0,0.5523465703971119,0.4925925925925926,0.0597539778045193
1359480,129,614,614,field,"MA Chidambaram Stadium, Chepauk, Chennai",129,1,0.5674603174603174,0.5172413793103449,0.05021893814997258
1359481,252,615,615,field,"Arun Jaitley Stadium, Delhi",615,0,0.45692883895131087,0.6166666666666667,-0.15973782771535583
1359482,494,134,134,field,"Barsapara Cricket Stadium, Guwahati",494,1,0.4659090909090909,0.5063829787234042,-0.040473887814313325
1359483,6,1,1,field,"Eden Gardens, Kolkata",6,1,0.5151515151515151,0.4925925925925926,0.022558922558922556
1359484,2,614,2,bat,"Bharat Ratna Shri Atal Bihari Vajpayee Ekana Cricket Stadium, Lucknow",614,0,0.46494464944649444,0.5172413793103449,-0.05229672986385042
1359485,134,252,252,field,"Barsapara Cricket Stadium, Guwahati",134,1,0.5063829787234042,0.45692883895131087,0.04945413977209334
1359486,3,129,129,field,"Wankhede Stadium, Mumbai",129,0,0.5523465703971119,0.5674603174603174,-0.015113747063205563
1359487,615,6,615,bat,"Narendra Modi Stadium, Ahmedabad",6,0,0.6166666666666667,0.5151515151515151,0.10151515151515156
1359488,494,2,2,field,"Rajiv Gandhi International Stadium, Uppal, Hyderabad",2,0,0.4659090909090909,0.46494464944649444,0.0009644414625964437
1359489,1,614,614,field,"M Chinnaswamy Stadium, Bengaluru",614,0,0.4925925925925926,0.5172413793103449,-0.02464878671775228
1359490,252,3,3,field,"Arun Jaitley Stadium, Delhi",3,0,0.45692883895131087,0.5523465703971119,-0.09541773144580101
1359491,134,129,129,field,"MA Chidambaram Stadium, Chepauk, Chennai",134,1,0.5063829787234042,0.5674603174603174,-0.061077338736913234
1359492,494,615,615,field,"Punjab Cricket Association IS Bindra Stadium, Mohali, Chandigarh",615,0,0.4659090909090909,0.6166666666666667,-0.1507575757575758
1359493,2,6,6,field,"Eden Gardens, Kolkata",2,1,0.46494464944649444,0.5151515151515151,-0.0502068657050207
1359494,1,252,252,field,"M Chinnaswamy Stadium, Bengaluru",1,1,0.4925925925925926,0.45692883895131087,0.035663753641281715
1359495,614,494,494,field,"Bharat Ratna Shri Atal Bihari Vajpayee Ekana Cricket Stadium, Lucknow",494,0,0.5172413793103449,0.4659090909090909,0.05133228840125398
1359496,6,3,3,field,"Wankhede Stadium, Mumbai",3,0,0.5151515151515151,0.5523465703971119,-0.03719505524559674
1359497,615,134,134,field,"Narendra Modi Stadium, Ahmedabad",134,0,0.6166666666666667,0.5063829787234042,0.11028368794326249
1359498,129,1,1,field,"M Chinnaswamy Stadium, Bengaluru",129,1,0.5674603174603174,0.4925925925925926,0.07486772486772486
1359499,3,2,2,field,"Rajiv Gandhi International Stadium, Uppal, Hyderabad",3,1,0.5523465703971119,0.46494464944649444,0.08740192095061744
1359500,614,134,134,field,"Sawai Mansingh Stadium, Jaipur",614,1,0.5172413793103449,0.5063829787234042,0.010858400586940653
1359501,1,494,494,field,"Punjab Cricket Association IS Bindra Stadium, Mohali, Chandigarh",1,1,0.4925925925925926,0.4659090909090909,0.026683501683501698
1359502,6,252,252,field,"Arun Jaitley Stadium, Delhi",252,0,0.5151515151515151,0.45692883895131087,0.05822267620020427
1359503,2,129,129,field,"MA Chidambaram Stadium, Chepauk, Chennai",129,0,0.46494464944649444,0.5674603174603174,-0.102515668013823
1359504,615,614,615,bat,"Bharat Ratna Shri Atal Bihari Vajpayee Ekana Cricket Stadium, Lucknow",615,1,0.6166666666666667,0.5172413793103449,0.09942528735632183
1359505,494,3,3,field,"Wankhede Stadium, Mumbai",494,1,0.4659090909090909,0.5523465703971119,-0.086437479488021
1359506,1,134,134,field,"M Chinnaswamy Stadium, Bengaluru",1,1,0.4925925925925926,0.5063829787234042,-0.013790386130811627
1359507,129,6,6,field,"Eden Gardens, Kolkata",129,1,0.5674603174603174,0.5151515151515151,0.052308802308802305
1359508,252,2,252,bat,"Rajiv Gandhi International Stadium, Uppal, Hyderabad",252,1,0.45692883895131087,0.46494464944649444,-0.008015810495183573
1359509,615,3,3,field,"Narendra Modi Stadium, Ahmedabad",615,1,0.6166666666666667,0.5523465703971119,0.06432009626955482
1359510,6,1,1,field,"M Chinnaswamy Stadium, Bengaluru",6,1,0.5151515151515151,0.4925925925925926,0.022558922558922556
1359511,134,129,134,bat,"Sawai Mansingh Stadium, Jaipur",134,1,0.5063829787234042,0.5674603174603174,-0.061077338736913234
1359512,614,494,494,field,"Punjab Cricket Association IS Bindra Stadium, Mohali, Chandigarh",614,1,0.5172413793103449,0.4659090909090909,0.05133228840125398
1359513,6,615,615,field,"Eden Gardens, Kolkata",615,0,0.5151515151515151,0.6166666666666667,-0.10151515151515156
1359514,2,252,2,bat,"Arun Jaitley Stadium, Delhi",2,1,0.46494464944649444,0.45692883895131087,0.008015810495183573
1359515,129,494,129,bat,"MA Chidambaram Stadium, Chepauk, Chennai",494,0,0.5674603174603174,0.4659090909090909,0.10155122655122656
1359516,134,3,134,bat,"Wankhede Stadium, Mumbai",3,0,0.5063829787234042,0.5523465703971119,-0.04596359167370767
1359517,1,614,1,bat,"Bharat Ratna Shri Atal Bihari Vajpayee Ekana Cricket Stadium, Lucknow",1,1,0.4925925925925926,0.5172413793103449,-0.02464878671775228
1359518,252,615,252,bat,"Narendra Modi Stadium, Ahmedabad",252,1,0.45692883895131087,0.6166666666666667,-0.15973782771535583
1359519,614,129,129,field,"Bharat Ratna Shri Atal Bihari Vajpayee Ekana Cricket Stadium, Lucknow",129,0,0.5172413793103449,0.5674603174603174,-0.05021893814997258
1359520,494,3,3,field,"Punjab Cricket Association IS Bindra Stadium, Mohali, Chandigarh",3,0,0.4659090909090909,0.5523465703971119,-0.086437479488021
1359521,6,2,6,bat,"Rajiv Gandhi International Stadium, Uppal, Hyderabad",6,1,0.5151515151515151,0.46494464944649444,0.0502068657050207
1359522,134,615,134,bat,"Sawai Mansingh Stadium, Jaipur",615,0,0.5063829787234042,0.6166666666666667,-0.11028368794326249
1359523,3,129,129,field,"MA Chidambaram Stadium, Chepauk, Chennai",129,0,0.5523465703971119,0.5674603174603174,-0.015113747063205563
1359524,1,252,1,bat,"Arun Jaitley Stadium, Delhi",252,0,0.4925925925925926,0.45692883895131087,0.035663753641281715
1359525,615,614,614,field,"Narendra Modi Stadium, Ahmedabad",615,1,0.6166666666666667,0.5172413793103449,0.09942528735632183
1359526,134,2,134,bat,"Sawai Mansingh Stadium, Jaipur",2,0,0.5063829787234042,0.46494464944649444,0.04143832927690977
1359527,494,6,494,bat,"Eden Gardens, Kolkata",6,0,0.4659090909090909,0.5151515151515151,-0.049242424242424254
1359528,1,3,3,field,"Wankhede Stadium, Mumbai",3,0,0.4925925925925926,0.5523465703971119,-0.0597539778045193
1359529,129,252,129,bat,"MA Chidambaram Stadium, Chepauk, Chennai",129,1,0.5674603174603174,0.45692883895131087,0.11053147850900658
1359530,6,134,134,field,"Eden Gardens, Kolkata",134,0,0.5151515151515151,0.5063829787234042,0.008768536428110929
1359531,3,615,615,field,"Wankhede Stadium, Mumbai",3,1,0.5523465703971119,0.6166666666666667,-0.06432009626955482
1359532,2,614,2,bat,"Rajiv Gandhi International Stadium, Uppal, Hyderabad",614,0,0.46494464944649444,0.5172413793103449,-0.05229672986385042
1359533,494,252,252,field,"Arun Jaitley Stadium, Delhi",494,1,0.4659090909090909,0.45692883895131087,0.008980251957780017
1359534,1,134,1,bat,"Sawai Mansingh Stadium, Jaipur",1,1,0.4925925925925926,0.5063829787234042,-0.013790386130811627
1359535,129,6,129,bat,"MA Chidambaram Stadium, Chepauk, Chennai",6,0,0.5674603174603174,0.5151515151515151,0.052308802308802305
1359536,615,2,2,field,"Narendra Modi Stadium, Ahmedabad",615,1,0.6166666666666667,0.46494464944649444,0.15172201722017226
1359537,614,3,3,field,"Bharat Ratna Shri Atal Bihari Vajpayee Ekana Cricket Stadium, Lucknow",614,1,0.5172413793103449,0.5523465703971119,-0.03510519108676702
1359538,252,494,494,field,"Himachal Pradesh Cricket Association Stadium, Dharamsala",252,1,0.45692883895131087,0.4659090909090909,-0.008980251957780017
1359539,2,1,1,field,"Rajiv Gandhi International Stadium, Uppal, Hyderabad",1,0,0.46494464944649444,0.4925925925925926,-0.027647943146098142
1359540,494,134,134,field,"Himachal Pradesh Cricket Association Stadium, Dharamsala",134,0,0.4659090909090909,0.5063829787234042,-0.040473887814313325
1359541,129,252,129,bat,"Arun Jaitley Stadium, Delhi",129,1,0.5674603174603174,0.45692883895131087,0.11053147850900658
1359542,614,6,6,field,"Eden Gardens, Kolkata",614,1,0.5172413793103449,0.5151515151515151,0.002089864158829724
1359543,2,3,3,field,"Wankhede Stadium, Mumbai",3,0,0.46494464944649444,0.5523465703971119,-0.08740192095061744
1359544,1,615,615,field,"M Chinnaswamy Stadium, Bengaluru",615,0,0.4925925925925926,0.6166666666666667,-0.12407407407407411
1370350,129,615,615,field,"MA Chidambaram Stadium, Chepauk, Chennai",129,1,0.5674603174603174,0.6166666666666667,-0.049206349206349254
1370351,3,614,3,bat,"MA Chidambaram Stadium, Chepauk, Chennai",3,1,0.5523465703971119,0.5172413793103449,0.03510519108676702
1370352,615,3,3,field,"Narendra Modi Stadium, Ahmedabad",615,1,0.6166666666666667,0.5523465703971119,0.06432009626955482
1370353,615,129,129,field,"Narendra Modi Stadium, Ahmedabad",129,0,0.6166666666666667,0.5674603174603174,0.049206349206349254
1422119,1,129,1,bat,"MA Chidambaram Stadium, Chepauk, Chennai",129,0,0.4925925925925926,0.5674603174603174,-0.07486772486772486
1422120,252,494,494,field,"Maharaja Yadavindra Singh International Cricket Stadium, Mullanpur",494,0,0.45692883895131087,0.4659090909090909,-0.008980251957780017
1422121,6,2,2,field,"Eden Gardens, Kolkata",6,1,0.5151515151515151,0.46494464944649444,0.0502068657050207
1422122,134,614,134,bat,"Sawai Mansingh Stadium, Jaipur",134,1,0.5063829787234042,0.5172413793103449,-0.010858400586940653
1422123,615,3,3,field,"Narendra Modi Stadium, Ahmedabad",615,1,0.6166666666666667,0.5523465703971119,0.06432009626955482
1422124,494,1,1,field,"M Chinnaswamy Stadium, Bengaluru",1,0,0.4659090909090909,0.4925925925925926,-0.026683501683501698
1422125,129,615,615,field,"MA Chidambaram Stadium, Chepauk, Chennai",129,1,0.5674603174603174,0.6166666666666667,-0.049206349206349254
1422126,2,3,3,field,"Rajiv Gandhi International Stadium, Uppal, Hyderabad",2,1,0.46494464944649444,0.5523465703971119,-0.08740192095061744
1422127,134,252,252,field,"Sawai Mansingh Stadium, Jaipur",134,1,0.5063829787234042,0.45692883895131087,0.04945413977209334
1422128,1,6,6,field,"M Chinnaswamy Stadium, Bengaluru",6,0,0.4925925925925926,0.5151515151515151,-0.022558922558922556
1422129,614,494,614,bat,"Bharat Ratna Shri Atal Bihari Vajpayee Ekana Cricket Stadium, Lucknow",614,1,0.5172413793103449,0.4659090909090909,0.05133228840125398
1422130,2,615,2,bat,"Narendra Modi Stadium, Ahmedabad",615,0,0.46494464944649444,0.6166666666666667,-0.15172201722017226
1422131,252,129,252,bat,"Dr. Y.S. Rajasekhara Reddy ACA-VDCA Cricket Stadium, Visakhapatnam",252,1,0.45692883895131087,0.5674603174603174,-0.11053147850900658
1422132,3,134,134,field,"Wankhede Stadium, Mumbai",134,0,0.5523465703971119,0.5063829787234042,0.04596359167370767
1422133,614,1,1,field,"M Chinnaswamy Stadium, Bengaluru",614,1,0.5172413793103449,0.4925925925925926,0.02464878671775228
1422134,6,252,6,bat,"Dr. Y.S. Rajasekhara Reddy ACA-VDCA Cricket Stadium, Visakhapatnam",6,1,0.5151515151515151,0.45692883895131087,0.05822267620020427
1422135,615,494,494,field,"Narendra Modi Stadium, Ahmedabad",494,0,0.6166666666666667,0.4659090909090909,0.1507575757575758
1422136,129,2,2,field,"Rajiv Gandhi International Stadium, Uppal, Hyderabad",2,0,0.5674603174603174,0.46494464944649444,0.102515668013823
1422137,1,134,134,field,"Sawai Mansingh Stadium, Jaipur",134,0,0.4925925925925926,0.5063829787234042,-0.013790386130811627
1422138,3,252,252,field,"Wankhede Stadium, Mumbai",3,1,0.5523465703971119,0.45692883895131087,0.09541773144580101
1422139,614,615,614,bat,"Bharat Ratna Shri Atal Bihari Vajpayee Ekana Cricket Stadium, Lucknow",614,1,0.5172413793103449,0.6166666666666667,-0.09942528735632183
1426260,6,129,129,field,"MA Chidambaram Stadium, Chepauk, Chennai",129,0,0.5151515151515151,0.5674603174603174,-0.052308802308802305
1426261,2,494,494,field,"Maharaja Yadavindra Singh International Cricket Stadium, Mullanpur",2,1,0.46494464944649444,0.4659090909090909,-0.0009644414625964437
1426262,134,615,615,field,"Sawai Mansingh Stadium, Jaipur",615,0,0.5063829787234042,0.6166666666666667,-0.11028368794326249
1426263,1,3,3,field,"Wankhede Stadium, Mumbai",3,0,0.4925925925925926,0.5523465703971119,-0.0597539778045193
1426264,614,252,614,bat,"Bharat Ratna Shri Atal Bihari Vajpayee Ekana Cricket Stadium, Lucknow",252,0,0.5172413793103449,0.45692883895131087,0.060312540359033995
1426265,494,134,134,field,"Maharaja Yadavindra Singh International Cricket Stadium, Mullanpur",134,0,0.4659090909090909,0.5063829787234042,-0.040473887814313325
1426266,614,6,6,field,"Eden Gardens, Kolkata",6,0,0.5172413793103449,0.5151515151515151,0.002089864158829724
1426267,129,3,3,field,"Wankhede Stadium, Mumbai",129,1,0.5674603174603174,0.5523465703971119,0.015113747063205563
1426268,2,1,1,field,"M Chinnaswamy Stadium, Bengaluru",2,1,0.46494464944649444,0.4925925925925926,-0.027647943146098142
1426269,6,134,134,field,"Eden Gardens, Kolkata",134,0,0.5151515151515151,0.5063829787234042,0.008768536428110929
1426270,615,252,252,field,"Narendra Modi Stadium, Ahmedabad",252,0,0.6166666666666667,0.45692883895131087,0.15973782771535583
1426271,3,494,494,field,"Maharaja Yadavindra Singh International Cricket Stadium, Mullanpur",3,1,0.5523465703971119,0.4659090909090909,0.086437479488021
1426272,129,614,614,field,"Bharat Ratna Shri Atal Bihari Vajpayee Ekana Cricket Stadium, Lucknow",614,0,0.5674603174603174,0.5172413793103449,0.05021893814997258
1426273,2,252,252,field,"Arun Jaitley Stadium, Delhi",2,1,0.46494464944649444,0.45692883895131087,0.008015810495183573
1426274,6,1,1,field,"Eden Gardens, Kolkata",6,1,0.5151515151515151,0.4925925925925926,0.022558922558922556
1426275,494,615,494,bat,"Maharaja Yadavindra Singh International Cricket Stadium, Mullanpur",615,0,0.4659090909090909,0.6166666666666667,-0.1507575757575758
1426276,3,134,3,bat,"Sawai Mansingh Stadium, Jaipur",134,0,0.5523465703971119,0.5063829787234042,0.04596359167370767
1426277,129,614,614,field,"MA Chidambaram Stadium, Chepauk, Chennai",614,0,0.5674603174603174,0.5172413793103449,0.05021893814997258
1426278,252,615,615,field,"Arun Jaitley Stadium, Delhi",252,1,0.45692883895131087,0.6166666666666667,-0.15973782771535583
1426279,1,2,1,bat,"Rajiv Gandhi International Stadium, Uppal, Hyderabad",1,1,0.4925925925925926,0.46494464944649444,0.027647943146098142
1426280,6,494,494,field,"Eden Gardens, Kolkata",494,0,0.5151515151515151,0.4659090909090909,0.049242424242424254
1426281,252,3,3,field,"Arun Jaitley Stadium, Delhi",252,1,0.45692883895131087,0.5523465703971119,-0.09541773144580101
1426282,614,134,134,field,"Bharat Ratna Shri Atal Bihari Vajpayee Ekana Cricket Stadium, Lucknow",134,0,0.5172413793103449,0.5063829787234042,0.010858400586940653
1426283,615,1,1,field,"Narendra Modi Stadium, Ahmedabad",1,0,0.6166666666666667,0.4925925925925926,0.12407407407407411
1426284,129,2,2,field,"MA Chidambaram Stadium, Chepauk, Chennai",129,1,0.5674603174603174,0.46494464944649444,0.102515668013823
1426285,252,6,252,bat,"Eden Gardens, Kolkata",6,0,0.45692883895131087,0.5151515151515151,-0.05822267620020427
1426286,3,614,614,field,"Bharat Ratna Shri Atal Bihari Vajpayee Ekana Cricket Stadium, Lucknow",614,0,0.5523465703971119,0.5172413793103449,0.03510519108676702
1426287,129,494,494,field,"MA Chidambaram Stadium, Chepauk, Chennai",494,0,0.5674603174603174,0.4659090909090909,0.10155122655122656
1426288,2,134,2,bat,"Rajiv Gandhi International Stadium, Uppal, Hyderabad",2,1,0.46494464944649444,0.5063829787234042,-0.04143832927690977
1426289,6,3,3,field,"Wankhede Stadium, Mumbai",6,1,0.5151515151515151,0.5523465703971119,-0.03719505524559674
1426290,615,1,1,field,"M Chinnaswamy Stadium, Bengaluru",1,0,0.6166666666666667,0.4925925925925926,0.12407407407407411
1426291,129,494,494,field,"Himachal Pradesh Cricket Association Stadium, Dharamsala",129,1,0.5674603174603174,0.4659090909090909,0.10155122655122656
1426292,6,614,614,field,"Bharat Ratna Shri Atal Bihari Vajpayee Ekana Cricket Stadium, Lucknow",6,1,0.5151515151515151,0.5172413793103449,-0.002089864158829724
1426293,2,3,3,field,"Wankhede Stadium, Mumbai",3,0,0.46494464944649444,0.5523465703971119,-0.08740192095061744
1426294,252,134,134,field,"Arun Jaitley Stadium, Delhi",252,1,0.45692883895131087,0.5063829787234042,-0.04945413977209334
1426295,614,2,614,bat,"Rajiv Gandhi International Stadium, Uppal, Hyderabad",2,0,0.5172413793103449,0.46494464944649444,0.05229672986385042
1426296,1,494,494,field,"Himachal Pradesh Cricket Association Stadium, Dharamsala",1,1,0.4925925925925926,0.4659090909090909,0.026683501683501698
1426297,615,129,129,field,"Narendra Modi Stadium, Ahmedabad",615,1,0.6166666666666667,0.5674603174603174,0.049206349206349254
1426298,6,3,3,field,"Eden Gardens, Kolkata",6,1,0.5151515151515151,0.5523465703971119,-0.03719505524559674
1426299,134,129,134,bat,"MA Chidambaram Stadium, Chepauk, Chennai",129,0,0.5063829787234042,0.5674603174603174,-0.061077338736913234
1426300,1,252,252,field,"M Chinnaswamy Stadium, Bengaluru",1,1,0.4925925925925926,0.45692883895131087,0.035663753641281715
1426302,252,614,614,field,"Arun Jaitley Stadium, Delhi",252,1,0.45692883895131087,0.5172413793103449,-0.060312540359033995
1426303,134,494,134,bat,"Barsapara Cricket Stadium, Guwahati",494,0,0.5063829787234042,0.4659090909090909,0.040473887814313325
1426305,614,3,3,field,"Wankhede Stadium, Mumbai",614,1,0.5172413793103449,0.5523465703971119,-0.03510519108676702
1426306,1,129,129,field,"M Chinnaswamy Stadium, Bengaluru",1,1,0.4925925925925926,0.5674603174603174,-0.07486772486772486
1426307,494,2,494,bat,"Rajiv Gandhi International Stadium, Uppal, Hyderabad",2,0,0.4659090909090909,0.46494464944649444,0.0009644414625964437
1426309,2,6,2,bat,"Narendra Modi Stadium, Ahmedabad",6,0,0.46494464944649444,0.5151515151515151,-0.0502068657050207
1426310,1,134,134,field,"Narendra Modi Stadium, Ahmedabad",134,0,0.4925925925925926,0.5063829787234042,-0.013790386130811627
1426311,2,134,134,field,"MA Chidambaram Stadium, Chepauk, Chennai",2,1,0.46494464944649444,0.5063829787234042,-0.04143832927690977
1426312,2,6,2,bat,"MA Chidambaram Stadium, Chepauk, Chennai",6,0,0.46494464944649444,0.5151515151515151,-0.0502068657050207
1473438,6,1,1,field,"Eden Gardens, Kolkata",1,0,0.5151515151515151,0.4925925925925926,0.022558922558922556
1473439,2,134,134,field,"Rajiv Gandhi International Stadium, Uppal, Hyderabad",2,1,0.46494464944649444,0.5063829787234042,-0.04143832927690977
1473440,3,129,129,field,"MA Chidambaram Stadium, Chepauk, Chennai",129,0,0.5523465703971119,0.5674603174603174,-0.015113747063205563
1473441,614,252,252,field,"Dr. Y.S. Rajasekhara Reddy ACA-VDCA Cricket Stadium, Visakhapatnam",252,0,0.5172413793103449,0.45692883895131087,0.060312540359033995
1473442,494,615,615,field,"Narendra Modi Stadium, Ahmedabad",494,1,0.4659090909090909,0.6166666666666667,-0.1507575757575758
1473443,134,6,6,field,"Barsapara Cricket Stadium, Guwahati",6,0,0.5063829787234042,0.5151515151515151,-0.008768536428110929
1473444,2,614,614,field,"Rajiv Gandhi International Stadium, Uppal, Hyderabad",614,0,0.46494464944649444,0.5172413793103449,-0.05229672986385042
1473445,1,129,129,field,"MA Chidambaram Stadium, Chepauk, Chennai",1,1,0.4925925925925926,0.5674603174603174,-0.07486772486772486
335983,494,129,129,bat,"Punjab Cricket Association Stadium, Mohali",129,0,0.4659090909090909,0.5674603174603174,-0.10155122655122656
335984,252,134,134,bat,Feroz Shah Kotla,252,1,0.45692883895131087,0.5063829787234042,-0.04945413977209334
335985,3,1,3,bat,Wankhede Stadium,1,0,0.5523465703971119,0.4925925925925926,0.0597539778045193
335986,6,2,2,bat,Eden Gardens,6,1,0.5151515151515151,0.46494464944649444,0.0502068657050207
335987,134,494,494,bat,Sawai Mansingh Stadium,134,1,0.5063829787234042,0.4659090909090909,0.040473887814313325
335988,2,252,2,bat,"Rajiv Gandhi International Stadium, Uppal",252,0,0.46494464944649444,0.45692883895131087,0.008015810495183573
335989,129,3,3,field,"MA Chidambaram Stadium, Chepauk",129,1,0.5674603174603174,0.5523465703971119,0.015113747063205563
335990,2,134,134,field,"Rajiv Gandhi International Stadium, Uppal",134,0,0.46494464944649444,0.5063829787234042,-0.04143832927690977
335991,494,3,3,field,"Punjab Cricket Association Stadium, Mohali",494,1,0.4659090909090909,0.5523465703971119,-0.086437479488021
335992,1,134,134,field,M Chinnaswamy Stadium,134,0,0.4925925925925926,0.5063829787234042,-0.013790386130811627
335993,129,6,6,bat,"MA Chidambaram Stadium, Chepauk",129,1,0.5674603174603174,0.5151515151515151,0.052308802308802305
335994,3,2,2,field,Dr DY Patil Sports Academy,2,0,0.5523465703971119,0.46494464944649444,0.08740192095061744
335995,494,252,252,bat,"Punjab Cricket Association Stadium, Mohali",494,1,0.4659090909090909,0.45692883895131087,0.008980251957780017
335996,1,129,129,bat,M Chinnaswamy Stadium,129,0,0.4925925925925926,0.5674603174603174,-0.07486772486772486
335997,6,3,6,bat,Eden Gardens,3,0,0.5151515151515151,0.5523465703971119,-0.03719505524559674
335998,252,1,1,field,Feroz Shah Kotla,252,1,0.45692883895131087,0.4925925925925926,-0.035663753641281715
335999,2,494,494,field,"Rajiv Gandhi International Stadium, Uppal",494,0,0.46494464944649444,0.4659090909090909,-0.0009644414625964437
336000,134,6,134,bat,Sawai Mansingh Stadium,134,1,0.5063829787234042,0.5151515151515151,-0.008768536428110929
336001,129,252,129,bat,"MA Chidambaram Stadium, Chepauk",252,0,0.5674603174603174,0.45692883895131087,0.11053147850900658
336002,2,1,2,bat,"Rajiv Gandhi International Stadium, Uppal",1,0,0.46494464944649444,0.4925925925925926,-0.027647943146098142
336003,494,6,494,bat,"Punjab Cricket Association Stadium, Mohali",494,1,0.4659090909090909,0.5151515151515151,-0.049242424242424254
336004,3,252,252,field,Dr DY Patil Sports Academy,3,1,0.5523465703971119,0.45692883895131087,0.09541773144580101
336005,134,129,129,bat,Sawai Mansingh Stadium,134,1,0.5063829787234042,0.5674603174603174,-0.061077338736913234
336006,1,494,494,field,M Chinnaswamy Stadium,494,0,0.4925925925925926,0.4659090909090909,0.026683501683501698
336007,129,2,2,field,"MA Chidambaram Stadium, Chepauk",2,0,0.5674603174603174,0.46494464944649444,0.102515668013823
336008,3,134,3,field,Dr DY Patil Sports Academy,3,1,0.5523465703971119,0.5063829787234042,0.04596359167370767
336009,252,129,129,field,Feroz Shah Kotla,129,0,0.45692883895131087,0.5674603174603174,-0.11053147850900658
336010,6,1,6,bat,Eden Gardens,6,1,0.5151515151515151,0.4925925925925926,0.022558922558922556
336011,134,2,134,field,Sawai Mansingh Stadium,134,1,0.5063829787234042,0.46494464944649444,0.04143832927690977
336012,1,3,3,field,M Chinnaswamy Stadium,3,0,0.4925925925925926,0.5523465703971119,-0.0597539778045193
336013,129,494,494,field,"MA Chidambaram Stadium, Chepauk",129,1,0.5674603174603174,0.4659090909090909,0.10155122655122656
336014,2,6,6,bat,"Rajiv Gandhi International Stadium, Uppal",6,0,0.46494464944649444,0.5151515151515151,-0.0502068657050207
336015,134,252,134,field,Sawai Mansingh Stadium,134,1,0.5063829787234042,0.45692883895131087,0.04945413977209334
336016,494,1,1,bat,"Punjab Cricket Association Stadium, Mohali",494,1,0.4659090909090909,0.4925925925925926,-0.026683501683501698
336017,6,252,6,bat,Eden Gardens,6,1,0.5151515151515151,0.45692883895131087,0.05822267620020427
336018,3,129,3,field,Wankhede Stadium,3,1,0.5523465703971119,0.5674603174603174,-0.015113747063205563
336019,494,134,134,field,"Punjab Cricket Association Stadium, Mohali",494,1,0.4659090909090909,0.5063829787234042,-0.040473887814313325
336020,252,2,2,field,Feroz Shah Kotla,252,1,0.45692883895131087,0.46494464944649444,-0.008015810495183573
336021,3,6,3,field,Wankhede Stadium,3,1,0.5523465703971119,0.5151515151515151,0.03719505524559674
336022,252,494,252,bat,Feroz Shah Kotla,494,0,0.45692883895131087,0.4659090909090909,-0.008980251957780017
336023,134,1,1,field,Sawai Mansingh Stadium,134,1,0.5063829787234042,0.4925925925925926,0.013790386130811627
336024,2,3,2,field,"Rajiv Gandhi International Stadium, Uppal",3,0,0.46494464944649444,0.5523465703971119,-0.08740192095061744
336025,6,129,6,bat,Eden Gardens,129,0,0.5151515151515151,0.5674603174603174,-0.052308802308802305
336026,1,252,252,field,M Chinnaswamy Stadium,252,0,0.4925925925925926,0.45692883895131087,0.035663753641281715
336027,6,134,134,field,Eden Gardens,134,0,0.5151515151515151,0.5063829787234042,0.008768536428110929
336028,3,494,3,field,Wankhede Stadium,494,0,0.5523465703971119,0.4659090909090909,0.086437479488021
336029,129,1,1,bat,"MA Chidambaram Stadium, Chepauk",1,0,0.5674603174603174,0.4925925925925926,0.07486772486772486
336031,494,2,494,field,"Punjab Cricket Association Stadium, Mohali",494,1,0.4659090909090909,0.46494464944649444,0.0009644414625964437
336032,252,3,252,field,Feroz Shah Kotla,252,1,0.45692883895131087,0.5523465703971119,-0.09541773144580101
336033,129,134,134,bat,"MA Chidambaram Stadium, Chepauk",134,0,0.5674603174603174,0.5063829787234042,0.061077338736913234
336034,1,2,2,field,M Chinnaswamy Stadium,1,1,0.4925925925925926,0.46494464944649444,0.027647943146098142
336035,6,494,494,bat,Eden Gardens,6,1,0.5151515151515151,0.4659090909090909,0.049242424242424254
336036,134,3,134,field,Sawai Mansingh Stadium,134,1,0.5063829787234042,0.5523465703971119,-0.04596359167370767
336037,2,129,2,bat,"Rajiv Gandhi International Stadium, Uppal",129,0,0.46494464944649444,0.5674603174603174,-0.102515668013823
336038,252,134,252,field,Wankhede Stadium,134,0,0.45692883895131087,0.5063829787234042,-0.04945413977209334
336039,129,494,494,bat,Wankhede Stadium,129,1,0.5674603174603174,0.4659090909090909,0.10155122655122656
336040,129,134,134,field,Dr DY Patil Sports Academy,134,0,0.5674603174603174,0.5063829787234042,0.061077338736913234
392181,129,3,129,field,Newlands,3,0,0.5674603174603174,0.5523465703971119,0.015113747063205563
392182,1,134,1,bat,Newlands,1,1,0.4925925925925926,0.5063829787234042,-0.013790386130811627
392183,252,494,252,field,Newlands,252,1,0.45692883895131087,0.4659090909090909,-0.008980251957780017
392184,2,6,6,bat,Newlands,2,1,0.46494464944649444,0.5151515151515151,-0.0502068657050207
392185,1,129,129,bat,St George's Park,129,0,0.4925925925925926,0.5674603174603174,-0.07486772486772486
392186,494,6,6,field,Kingsmead,6,0,0.4659090909090909,0.5151515151515151,-0.049242424242424254
392188,1,2,2,bat,Newlands,2,0,0.4925925925925926,0.46494464944649444,0.027647943146098142
392189,129,252,252,bat,Kingsmead,252,0,0.5674603174603174,0.45692883895131087,0.11053147850900658
392190,6,134,6,field,Newlands,134,0,0.5151515151515151,0.5063829787234042,0.008768536428110929
392191,1,494,1,bat,Kingsmead,494,0,0.4925925925925926,0.4659090909090909,0.026683501683501698
392192,2,3,2,bat,Kingsmead,2,1,0.46494464944649444,0.5523465703971119,-0.08740192095061744
392194,1,252,1,bat,St George's Park,252,0,0.4925925925925926,0.45692883895131087,0.035663753641281715
392195,494,134,494,bat,Newlands,494,1,0.4659090909090909,0.5063829787234042,-0.040473887814313325
392196,129,2,2,field,Kingsmead,2,0,0.5674603174603174,0.46494464944649444,0.102515668013823
392197,6,3,3,bat,St George's Park,3,0,0.5151515151515151,0.5523465703971119,-0.03719505524559674
392198,252,134,252,bat,SuperSport Park,134,0,0.45692883895131087,0.5063829787234042,-0.04945413977209334
392199,1,6,6,bat,Kingsmead,1,1,0.4925925925925926,0.5151515151515151,-0.022558922558922556
392200,494,3,494,bat,Kingsmead,494,1,0.4659090909090909,0.5523465703971119,-0.086437479488021
392201,2,252,252,field,SuperSport Park,252,0,0.46494464944649444,0.45692883895131087,0.008015810495183573
392202,129,134,134,field,SuperSport Park,129,1,0.5674603174603174,0.5063829787234042,0.061077338736913234
392203,6,3,3,bat,Buffalo Park,3,0,0.5151515151515151,0.5523465703971119,-0.03719505524559674
392204,1,494,1,bat,Kingsmead,1,1,0.4925925925925926,0.4659090909090909,0.026683501683501698
392205,2,134,2,bat,St George's Park,134,0,0.46494464944649444,0.5063829787234042,-0.04143832927690977
392206,129,252,252,field,New Wanderers Stadium,129,1,0.5674603174603174,0.45692883895131087,0.11053147850900658
392207,494,6,6,bat,St George's Park,494,1,0.4659090909090909,0.5151515151515151,-0.049242424242424254
392208,1,3,3,bat,New Wanderers Stadium,1,1,0.4925925925925926,0.5523465703971119,-0.0597539778045193
392209,129,2,129,bat,Buffalo Park,129,1,0.5674603174603174,0.46494464944649444,0.102515668013823
392210,494,134,494,field,Kingsmead,134,0,0.4659090909090909,0.5063829787234042,-0.040473887814313325
392211,252,6,6,bat,Kingsmead,252,1,0.45692883895131087,0.5151515151515151,-0.05822267620020427
392212,2,3,2,bat,SuperSport Park,2,1,0.46494464944649444,0.5523465703971119,-0.08740192095061744
392213,1,134,134,field,SuperSport Park,134,0,0.4925925925925926,0.5063829787234042,-0.013790386130811627
392214,129,494,129,bat,SuperSport Park,129,1,0.5674603174603174,0.4659090909090909,0.10155122655122656
392215,252,3,3,bat,Buffalo Park,252,1,0.45692883895131087,0.5523465703971119,-0.09541773144580101
392216,2,494,494,field,De Beers Diamond Oval,494,0,0.46494464944649444,0.4659090909090909,-0.0009644414625964437
392217,129,134,134,bat,De Beers Diamond Oval,129,1,0.5674603174603174,0.5063829787234042,0.061077338736913234
392218,1,3,3,bat,St George's Park,3,0,0.4925925925925926,0.5523465703971119,-0.0597539778045193
392219,252,6,252,field,New Wanderers Stadium,252,1,0.45692883895131087,0.5151515151515151,-0.05822267620020427
392220,2,134,2,bat,De Beers Diamond Oval,2,1,0.46494464944649444,0.5063829787234042,-0.04143832927690977
392221,1,6,1,field,SuperSport Park,1,1,0.4925925925925926,0.5151515151515151,-0.022558922558922556
392222,494,3,494,bat,SuperSport Park,3,0,0.4659090909090909,0.5523465703971119,-0.086437479488021
392223,2,252,2,field,Kingsmead,252,0,0.46494464944649444,0.45692883895131087,0.008015810495183573
392224,1,129,129,bat,Kingsmead,1,1,0.4925925925925926,0.5674603174603174,-0.07486772486772486
392225,3,134,134,bat,Kingsmead,134,0,0.5523465703971119,0.5063829787234042,0.04596359167370767
392226,252,494,494,field,OUTsurance Oval,494,0,0.45692883895131087,0.4659090909090909,-0.008980251957780017
392227,129,3,3,bat,St George's Park,129,1,0.5674603174603174,0.5523465703971119,0.015113747063205563
392228,2,6,2,field,New Wanderers Stadium,2,1,0.46494464944649444,0.5151515151515151,-0.0502068657050207
392229,2,494,2,field,New Wanderers Stadium,494,0,0.46494464944649444,0.4659090909090909,-0.0009644414625964437
392230,252,134,252,bat,OUTsurance Oval,252,1,0.45692883895131087,0.5063829787234042,-0.04945413977209334
392231,129,6,129,bat,SuperSport Park,6,0,0.5674603174603174,0.5151515151515151,0.052308802308802305
392232,1,252,252,bat,New Wanderers Stadium,1,1,0.4925925925925926,0.45692883895131087,0.035663753641281715
392233,6,134,6,field,Kingsmead,6,1,0.5151515151515151,0.5063829787234042,0.008768536428110929
392234,129,494,129,bat,Kingsmead,129,1,0.5674603174603174,0.4659090909090909,0.10155122655122656
392235,252,3,252,field,SuperSport Park,252,1,0.45692883895131087,0.5523465703971119,-0.09541773144580101
392236,1,2,1,bat,SuperSport Park,1,1,0.4925925925925926,0.46494464944649444,0.027647943146098142
392237,252,2,2,field,SuperSport Park,2,0,0.45692883895131087,0.46494464944649444,-0.008015810495183573
392238,1,129,1,field,New Wanderers Stadium,1,1,0.4925925925925926,0.5674603174603174,-0.07486772486772486
392239,1,2,1,field,New Wanderers Stadium,2,0,0.4925925925925926,0.46494464944649444,0.027647943146098142
419106,2,6,2,field,Dr DY Patil Sports Academy,6,0,0.46494464944649444,0.5151515151515151,-0.0502068657050207
419107,3,134,3,bat,Brabourne Stadium,3,1,0.5523465703971119,0.5063829787234042,0.04596359167370767
419108,494,252,252,field,"Punjab Cricket Association Stadium, Mohali",252,0,0.4659090909090909,0.45692883895131087,0.008980251957780017
419109,6,1,6,field,Eden Gardens,6,1,0.5151515151515151,0.4925925925925926,0.022558922558922556
419110,129,2,2,bat,"MA Chidambaram Stadium, Chepauk",2,0,0.5674603174603174,0.46494464944649444,0.102515668013823
419111,134,252,252,field,"Sardar Patel Stadium, Motera",252,0,0.5063829787234042,0.45692883895131087,0.04945413977209334
419112,1,494,494,bat,M Chinnaswamy Stadium,1,1,0.4925925925925926,0.4659090909090909,0.026683501683501698
419113,6,129,129,bat,Eden Gardens,129,0,0.5151515151515151,0.5674603174603174,-0.052308802308802305
419114,252,3,252,field,Feroz Shah Kotla,3,0,0.45692883895131087,0.5523465703971119,-0.09541773144580101
419115,1,134,1,field,M Chinnaswamy Stadium,1,1,0.4925925925925926,0.5063829787234042,-0.013790386130811627
419116,252,129,252,bat,Feroz Shah Kotla,129,0,0.45692883895131087,0.5674603174603174,-0.11053147850900658
419117,2,494,494,field,Barabati Stadium,2,1,0.46494464944649444,0.4659090909090909,-0.0009644414625964437
419118,134,6,134,bat,"Sardar Patel Stadium, Motera",134,1,0.5063829787234042,0.5151515151515151,-0.008768536428110929
419119,3,1,3,bat,Brabourne Stadium,1,0,0.5523465703971119,0.4925925925925926,0.0597539778045193
419120,2,252,2,bat,Barabati Stadium,2,1,0.46494464944649444,0.45692883895131087,0.008015810495183573
419121,129,494,129,field,"MA Chidambaram Stadium, Chepauk",494,0,0.5674603174603174,0.4659090909090909,0.10155122655122656
419122,3,6,6,bat,Brabourne Stadium,3,1,0.5523465703971119,0.5151515151515151,0.03719505524559674
419123,1,129,129,field,M Chinnaswamy Stadium,1,1,0.4925925925925926,0.5674603174603174,-0.07486772486772486
419124,494,134,494,field,"Punjab Cricket Association Stadium, Mohali",134,0,0.4659090909090909,0.5063829787234042,-0.040473887814313325
419125,129,3,3,field,"Brabourne Stadium, Mumbai",3,0,0.5674603174603174,0.5523465703971119,0.015113747063205563
419126,134,2,2,bat,"Sardar Patel Stadium, Motera",134,1,0.5063829787234042,0.46494464944649444,0.04143832927690977
419127,494,6,6,bat,"Punjab Cricket Association Stadium, Mohali",6,0,0.4659090909090909,0.5151515151515151,-0.049242424242424254
419128,1,252,1,field,M Chinnaswamy Stadium,252,0,0.4925925925925926,0.45692883895131087,0.035663753641281715
419129,134,129,134,bat,"Sardar Patel Stadium, Motera",134,1,0.5063829787234042,0.5674603174603174,-0.061077338736913234
419130,2,3,2,field,Dr DY Patil Sports Academy,3,0,0.46494464944649444,0.5523465703971119,-0.08740192095061744
419131,252,6,252,bat,Feroz Shah Kotla,252,1,0.45692883895131087,0.5151515151515151,-0.05822267620020427
419132,3,494,3,field,Brabourne Stadium,3,1,0.5523465703971119,0.4659090909090909,0.086437479488021
419133,129,1,1,bat,"MA Chidambaram Stadium, Chepauk",129,1,0.5674603174603174,0.4925925925925926,0.07486772486772486
419134,252,134,252,bat,Feroz Shah Kotla,252,1,0.45692883895131087,0.5063829787234042,-0.04945413977209334
419135,6,2,6,bat,Eden Gardens,6,1,0.5151515151515151,0.46494464944649444,0.0502068657050207
419136,494,1,494,bat,"Punjab Cricket Association Stadium, Mohali",1,0,0.4659090909090909,0.4925925925925926,-0.026683501683501698
419137,129,134,129,bat,"MA Chidambaram Stadium, Chepauk",129,1,0.5674603174603174,0.5063829787234042,0.061077338736913234
419138,3,2,3,bat,Brabourne Stadium,3,1,0.5523465703971119,0.46494464944649444,0.08740192095061744
419139,6,494,6,bat,Eden Gardens,494,0,0.5151515151515151,0.4659090909090909,0.049242424242424254
419140,252,1,252,bat,Feroz Shah Kotla,252,1,0.45692883895131087,0.4925925925925926,-0.035663753641281715
419141,2,134,134,bat,"Vidarbha Cricket Association Stadium, Jamtha",134,0,0.46494464944649444,0.5063829787234042,-0.04143832927690977
419142,129,3,129,bat,"MA Chidambaram Stadium, Chepauk",129,1,0.5674603174603174,0.5523465703971119,0.015113747063205563
419143,134,494,494,bat,Sawai Mansingh Stadium,134,1,0.5063829787234042,0.4659090909090909,0.040473887814313325
419144,6,252,6,bat,Eden Gardens,6,1,0.5151515151515151,0.45692883895131087,0.05822267620020427
419145,1,2,2,field,M Chinnaswamy Stadium,2,0,0.4925925925925926,0.46494464944649444,0.027647943146098142
419146,494,3,3,bat,"Punjab Cricket Association Stadium, Mohali",494,1,0.4659090909090909,0.5523465703971119,-0.086437479488021
419147,2,129,129,bat,"Vidarbha Cricket Association Stadium, Jamtha",2,1,0.46494464944649444,0.5674603174603174,-0.102515668013823
419148,1,6,1,field,M Chinnaswamy Stadium,1,1,0.4925925925925926,0.5151515151515151,-0.022558922558922556
419149,252,494,252,bat,Feroz Shah Kotla,494,0,0.45692883895131087,0.4659090909090909,-0.008980251957780017
419150,134,3,134,field,Sawai Mansingh Stadium,3,0,0.5063829787234042,0.5523465703971119,-0.04596359167370767
419151,2,1,1,field,"Vidarbha Cricket Association Stadium, Jamtha",2,1,0.46494464944649444,0.4925925925925926,-0.027647943146098142
419152,3,252,3,bat,Brabourne Stadium,3,1,0.5523465703971119,0.45692883895131087,0.09541773144580101
419153,129,6,6,bat,"MA Chidambaram Stadium, Chepauk",129,1,0.5674603174603174,0.5151515151515151,0.052308802308802305
419154,134,1,134,bat,Sawai Mansingh Stadium,1,0,0.5063829787234042,0.4925925925925926,0.013790386130811627
419155,129,252,129,bat,"MA Chidambaram Stadium, Chepauk",252,0,0.5674603174603174,0.45692883895131087,0.11053147850900658
419156,494,2,2,field,Himachal Pradesh Cricket Association Stadium,2,0,0.4659090909090909,0.46494464944649444,0.0009644414625964437
419157,1,3,1,field,M Chinnaswamy Stadium,3,0,0.4925925925925926,0.5523465703971119,-0.0597539778045193
419158,6,134,134,bat,Eden Gardens,6,1,0.5151515151515151,0.5063829787234042,0.008768536428110929
419159,494,129,129,field,Himachal Pradesh Cricket Association Stadium,129,0,0.4659090909090909,0.5674603174603174,-0.10155122655122656
419160,252,2,2,bat,Feroz Shah Kotla,2,0,0.45692883895131087,0.46494464944649444,-0.008015810495183573
419161,6,3,3,bat,Eden Gardens,6,1,0.5151515151515151,0.5523465703971119,-0.03719505524559674
419162,1,3,3,bat,Dr DY Patil Sports Academy,3,0,0.4925925925925926,0.5523465703971119,-0.0597539778045193
419163,129,2,129,bat,Dr DY Patil Sports Academy,129,1,0.5674603174603174,0.46494464944649444,0.102515668013823
419164,1,2,2,bat,Dr DY Patil Sports Academy,1,1,0.4925925925925926,0.46494464944649444,0.027647943146098142
419165,129,3,129,bat,Dr DY Patil Sports Academy,129,1,0.5674603174603174,0.5523465703971119,0.015113747063205563
501198,129,6,129,bat,"MA Chidambaram Stadium, Chepauk",129,1,0.5674603174603174,0.5151515151515151,0.052308802308802305
501199,2,134,134,field,"Rajiv Gandhi International Stadium, Uppal",134,0,0.46494464944649444,0.5063829787234042,-0.04143832927690977
501200,1414,1,1414,bat,Nehru Stadium,1,0,0.42857142857142855,0.4925925925925926,-0.06402116402116403
501201,252,3,252,bat,Feroz Shah Kotla,3,0,0.45692883895131087,0.5523465703971119,-0.09541773144580101
501202,1419,494,494,bat,Dr DY Patil Sports Academy,1419,1,0.2826086956521739,0.4659090909090909,-0.183300395256917
501203,6,2,6,bat,Eden Gardens,6,1,0.5151515151515151,0.46494464944649444,0.0502068657050207
501204,134,252,252,bat,Sawai Mansingh Stadium,134,1,0.5063829787234042,0.45692883895131087,0.04945413977209334
501205,1,3,3,field,M Chinnaswamy Stadium,3,0,0.4925925925925926,0.5523465703971119,-0.0597539778045193
501206,494,129,494,field,"Punjab Cricket Association Stadium, Mohali",494,1,0.4659090909090909,0.5674603174603174,-0.10155122655122656
501207,1419,1414,1414,bat,Dr DY Patil Sports Academy,1419,1,0.2826086956521739,0.42857142857142855,-0.14596273291925466
501208,2,1,1,field,"Rajiv Gandhi International Stadium, Uppal",2,1,0.46494464944649444,0.4925925925925926,-0.027647943146098142
501209,134,6,6,field,Sawai Mansingh Stadium,6,0,0.5063829787234042,0.5151515151515151,-0.008768536428110929
501210,3,1414,1414,field,Wankhede Stadium,1414,0,0.5523465703971119,0.42857142857142855,0.12377514182568333
501211,129,1,129,bat,"MA Chidambaram Stadium, Chepauk",129,1,0.5674603174603174,0.4925925925925926,0.07486772486772486
501212,2,494,494,field,"Rajiv Gandhi International Stadium, Uppal",494,0,0.46494464944649444,0.4659090909090909,-0.0009644414625964437
501213,1419,252,252,field,Dr DY Patil Sports Academy,252,0,0.2826086956521739,0.45692883895131087,-0.17432014329913698
501214,6,134,6,field,Eden Gardens,6,1,0.5151515151515151,0.5063829787234042,0.008768536428110929
501215,1414,129,1414,field,Nehru Stadium,1414,1,0.42857142857142855,0.5674603174603174,-0.1388888888888889
501216,252,2,2,bat,Feroz Shah Kotla,2,0,0.45692883895131087,0.46494464944649444,-0.008015810495183573
501218,3,1419,1419,bat,Wankhede Stadium,3,1,0.5523465703971119,0.2826086956521739,0.269737874744938
501219,6,1414,6,field,Eden Gardens,1414,0,0.5151515151515151,0.42857142857142855,0.08658008658008659
501220,494,134,134,field,"Punjab Cricket Association Stadium, Mohali",494,1,0.4659090909090909,0.5063829787234042,-0.040473887814313325
501221,3,129,129,field,Wankhede Stadium,3,1,0.5523465703971119,0.5674603174603174,-0.015113747063205563
501222,6,1,1,field,Eden Gardens,1,0,0.5151515151515151,0.4925925925925926,0.022558922558922556
501223,252,494,494,field,Feroz Shah Kotla,252,1,0.45692883895131087,0.4659090909090909,-0.008980251957780017
501224,2,3,2,field,"Rajiv Gandhi International Stadium, Uppal",3,0,0.46494464944649444,0.5523465703971119,-0.08740192095061744
501225,134,1414,134,field,Sawai Mansingh Stadium,134,1,0.5063829787234042,0.42857142857142855,0.07781155015197566
501226,129,1419,1419,field,"MA Chidambaram Stadium, Chepauk",129,1,0.5674603174603174,0.2826086956521739,0.28485162180814355
501227,252,1,1,field,Feroz Shah Kotla,1,0,0.45692883895131087,0.4925925925925926,-0.035663753641281715
501228,1419,129,1419,bat,Dr DY Patil Sports Academy,129,0,0.2826086956521739,0.5674603174603174,-0.28485162180814355
501229,1414,2,1414,field,Nehru Stadium,2,0,0.42857142857142855,0.46494464944649444,-0.03637322087506589
501230,252,6,252,field,Feroz Shah Kotla,6,0,0.45692883895131087,0.5151515151515151,-0.05822267620020427
501231,134,3,134,field,Sawai Mansingh Stadium,134,1,0.5063829787234042,0.5523465703971119,-0.04596359167370767
501232,1,1419,1419,field,M Chinnaswamy Stadium,1,1,0.4925925925925926,0.2826086956521739,0.2099838969404187
501233,1414,252,252,bat,Nehru Stadium,252,0,0.42857142857142855,0.45692883895131087,-0.02835741037988232
501234,6,494,6,field,Eden Gardens,6,1,0.5151515151515151,0.4659090909090909,0.049242424242424254
501235,134,1419,134,field,Sawai Mansingh Stadium,134,1,0.5063829787234042,0.2826086956521739,0.22377428307123032
501236,129,2,129,bat,"MA Chidambaram Stadium, Chepauk",129,1,0.5674603174603174,0.46494464944649444,0.102515668013823
501237,3,494,494,field,Wankhede Stadium,3,1,0.5523465703971119,0.4659090909090909,0.086437479488021
501238,252,1414,1414,field,Feroz Shah Kotla,1414,0,0.45692883895131087,0.42857142857142855,0.02835741037988232
501239,2,6,2,field,"Rajiv Gandhi International Stadium, Uppal",6,0,0.46494464944649444,0.5151515151515151,-0.0502068657050207
501240,129,134,134,bat,"MA Chidambaram Stadium, Chepauk",129,1,0.5674603174603174,0.5063829787234042,0.061077338736913234
501241,1419,3,1419,field,Dr DY Patil Sports Academy,3,0,0.2826086956521739,0.5523465703971119,-0.269737874744938
501242,1414,6,6,field,Nehru Stadium,1414,1,0.42857142857142855,0.5151515151515151,-0.08658008658008659
501243,2,252,252,field,"Rajiv Gandhi International Stadium, Uppal",252,0,0.46494464944649444,0.45692883895131087,0.008015810495183573
501244,1,494,494,field,M Chinnaswamy Stadium,1,1,0.4925925925925926,0.4659090909090909,0.026683501683501698
501245,6,129,129,bat,Eden Gardens,6,1,0.5151515151515151,0.5674603174603174,-0.052308802308802305
501246,3,252,252,field,Wankhede Stadium,3,1,0.5523465703971119,0.45692883895131087,0.09541773144580101
501247,1,1414,1414,bat,M Chinnaswamy Stadium,1,1,0.4925925925925926,0.42857142857142855,0.06402116402116403
501248,494,1419,494,bat,"Punjab Cricket Association Stadium, Mohali",1419,0,0.4659090909090909,0.2826086956521739,0.183300395256917
501249,134,129,134,field,Sawai Mansingh Stadium,129,0,0.5063829787234042,0.5674603174603174,-0.061077338736913234
501250,2,1419,2,bat,"Rajiv Gandhi International Stadium, Uppal",1419,0,0.46494464944649444,0.2826086956521739,0.18233595379432055
501251,494,3,3,field,"Punjab Cricket Association Stadium, Mohali",494,1,0.4659090909090909,0.5523465703971119,-0.086437479488021
501252,134,1,1,field,Sawai Mansingh Stadium,1,0,0.5063829787234042,0.4925925925925926,0.013790386130811627
501253,129,252,129,bat,"MA Chidambaram Stadium, Chepauk",129,1,0.5674603174603174,0.45692883895131087,0.11053147850900658
501254,1414,494,494,field,Holkar Cricket Stadium,494,0,0.42857142857142855,0.4659090909090909,-0.037337662337662336
501255,1,6,1,field,M Chinnaswamy Stadium,1,1,0.4925925925925926,0.5151515151515151,-0.022558922558922556
501256,3,2,2,bat,Wankhede Stadium,2,0,0.5523465703971119,0.46494464944649444,0.08740192095061744
501257,494,252,252,field,Himachal Pradesh Cricket Association Stadium,494,1,0.4659090909090909,0.45692883895131087,0.008980251957780017
501258,1414,134,1414,field,Holkar Cricket Stadium,1414,1,0.42857142857142855,0.5063829787234042,-0.07781155015197566
501259,1419,2,2,field,Dr DY Patil Sports Academy,2,0,0.2826086956521739,0.46494464944649444,-0.18233595379432055
501260,494,1,494,bat,Himachal Pradesh Cricket Association Stadium,494,1,0.4659090909090909,0.4925925925925926,-0.026683501683501698
501261,129,1414,129,bat,"MA Chidambaram Stadium, Chepauk",129,1,0.5674603174603174,0.42857142857142855,0.1388888888888889
501262,1419,6,6,field,Dr DY Patil Sports Academy,6,0,0.2826086956521739,0.5151515151515151,-0.23254281949934125
501263,3,134,3,bat,Wankhede Stadium,134,0,0.5523465703971119,0.5063829787234042,0.04596359167370767
501264,494,2,494,field,Himachal Pradesh Cricket Association Stadium,2,0,0.4659090909090909,0.46494464944649444,0.0009644414625964437
501265,252,1419,252,bat,Feroz Shah Kotla,1419,0,0.45692883895131087,0.2826086956521739,0.17432014329913698
501266,1,129,1,field,M Chinnaswamy Stadium,1,1,0.4925925925925926,0.5674603174603174,-0.07486772486772486
501267,6,3,3,field,Eden Gardens,3,0,0.5151515151515151,0.5523465703971119,-0.03719505524559674
501268,1,129,129,field,Wankhede Stadium,129,0,0.4925925925925926,0.5674603174603174,-0.07486772486772486
501269,3,6,3,field,Wankhede Stadium,3,1,0.5523465703971119,0.5151515151515151,0.03719505524559674
501270,1,3,3,field,"MA Chidambaram Stadium, Chepauk",1,1,0.4925925925925926,0.5523465703971119,-0.0597539778045193
501271,129,1,129,bat,"MA Chidambaram Stadium, Chepauk",129,1,0.5674603174603174,0.4925925925925926,0.07486772486772486
548306,129,3,3,field,"MA Chidambaram Stadium, Chepauk",3,0,0.5674603174603174,0.5523465703971119,0.015113747063205563
548307,6,252,252,field,Eden Gardens,252,0,0.5151515151515151,0.45692883895131087,0.05822267620020427
548308,3,1419,3,field,Wankhede Stadium,1419,0,0.5523465703971119,0.2826086956521739,0.269737874744938
548309,134,494,494,field,Sawai Mansingh Stadium,134,1,0.5063829787234042,0.4659090909090909,0.040473887814313325
548310,1,252,252,field,M Chinnaswamy Stadium,1,1,0.4925925925925926,0.45692883895131087,0.035663753641281715
548311,2,129,2,field,Dr. Y.S. Rajasekhara Reddy ACA-VDCA Cricket Stadium,129,0,0.46494464944649444,0.5674603174603174,-0.102515668013823
548312,134,6,6,field,Sawai Mansingh Stadium,134,1,0.5063829787234042,0.5151515151515151,-0.008768536428110929
548313,1419,494,1419,bat,Subrata Roy Sahara Stadium,1419,1,0.2826086956521739,0.4659090909090909,-0.183300395256917
548314,2,3,2,bat,Dr. Y.S. Rajasekhara Reddy ACA-VDCA Cricket Stadium,3,0,0.46494464944649444,0.5523465703971119,-0.08740192095061744
548315,1,6,1,field,M Chinnaswamy Stadium,6,0,0.4925925925925926,0.5151515151515151,-0.022558922558922556
548316,252,129,252,field,Feroz Shah Kotla,252,1,0.45692883895131087,0.5674603174603174,-0.11053147850900658
548317,3,134,134,field,Wankhede Stadium,3,1,0.5523465703971119,0.5063829787234042,0.04596359167370767
548318,129,1,1,bat,"MA Chidambaram Stadium, Chepauk",129,1,0.5674603174603174,0.4925925925925926,0.07486772486772486
548319,494,1419,494,field,"Punjab Cricket Association Stadium, Mohali",494,1,0.4659090909090909,0.2826086956521739,0.183300395256917
548320,6,134,134,bat,Eden Gardens,6,1,0.5151515151515151,0.5063829787234042,0.008768536428110929
548321,252,2,2,bat,Feroz Shah Kotla,252,1,0.45692883895131087,0.46494464944649444,-0.008015810495183573
548322,1419,129,129,bat,Subrata Roy Sahara Stadium,1419,1,0.2826086956521739,0.5674603174603174,-0.28485162180814355
548323,6,494,6,field,Eden Gardens,494,0,0.5151515151515151,0.4659090909090909,0.049242424242424254
548324,1,134,134,bat,M Chinnaswamy Stadium,134,0,0.4925925925925926,0.5063829787234042,-0.013790386130811627
548325,3,252,252,field,Wankhede Stadium,252,0,0.5523465703971119,0.45692883895131087,0.09541773144580101
548326,134,2,2,bat,Sawai Mansingh Stadium,134,1,0.5063829787234042,0.46494464944649444,0.04143832927690977
548327,1,1419,1419,bat,M Chinnaswamy Stadium,1,1,0.4925925925925926,0.2826086956521739,0.2099838969404187
548328,494,6,494,bat,"Punjab Cricket Association Stadium, Mohali",6,0,0.4659090909090909,0.5151515151515151,-0.049242424242424254
548329,2,252,2,bat,"Rajiv Gandhi International Stadium, Uppal",252,0,0.46494464944649444,0.45692883895131087,0.008015810495183573
548330,129,1419,1419,field,"MA Chidambaram Stadium, Chepauk",129,1,0.5674603174603174,0.2826086956521739,0.28485162180814355
548331,494,1,1,field,"Punjab Cricket Association Stadium, Mohali",1,0,0.4659090909090909,0.4925925925925926,-0.026683501683501698
548332,129,134,134,bat,"MA Chidambaram Stadium, Chepauk",129,1,0.5674603174603174,0.5063829787234042,0.061077338736913234
548333,252,1419,252,field,Feroz Shah Kotla,1419,0,0.45692883895131087,0.2826086956521739,0.17432014329913698
548334,3,494,3,bat,Wankhede Stadium,494,0,0.5523465703971119,0.4659090909090909,0.086437479488021
548335,2,6,6,field,Barabati Stadium,6,0,0.46494464944649444,0.5151515151515151,-0.0502068657050207
548336,134,1,134,field,Sawai Mansingh Stadium,1,0,0.5063829787234042,0.4925925925925926,0.013790386130811627
548337,1419,252,1419,bat,Subrata Roy Sahara Stadium,252,0,0.2826086956521739,0.45692883895131087,-0.17432014329913698
548339,494,3,494,bat,"Punjab Cricket Association Stadium, Mohali",3,0,0.4659090909090909,0.5523465703971119,-0.086437479488021
548341,1419,2,2,bat,Subrata Roy Sahara Stadium,2,0,0.2826086956521739,0.46494464944649444,-0.18233595379432055
548342,252,3,3,field,Feroz Shah Kotla,252,1,0.45692883895131087,0.5523465703971119,-0.09541773144580101
548343,129,494,494,bat,"MA Chidambaram Stadium, Chepauk",494,0,0.5674603174603174,0.4659090909090909,0.10155122655122656
548344,6,1,6,bat,Eden Gardens,6,1,0.5151515151515151,0.4925925925925926,0.022558922558922556
548345,252,134,252,bat,Feroz Shah Kotla,252,1,0.45692883895131087,0.5063829787234042,-0.04945413977209334
548346,3,2,3,field,Wankhede Stadium,3,1,0.5523465703971119,0.46494464944649444,0.08740192095061744
548347,129,6,129,bat,"MA Chidambaram Stadium, Chepauk",6,0,0.5674603174603174,0.5151515151515151,0.052308802308802305
548348,2,1419,2,bat,Barabati Stadium,2,1,0.46494464944649444,0.2826086956521739,0.18233595379432055
548349,134,252,134,bat,Sawai Mansingh Stadium,252,0,0.5063829787234042,0.45692883895131087,0.04945413977209334
548350,1,494,494,field,M Chinnaswamy Stadium,494,0,0.4925925925925926,0.4659090909090909,0.026683501683501698
548351,1419,3,3,bat,Subrata Roy Sahara Stadium,3,0,0.2826086956521739,0.5523465703971119,-0.269737874744938
548352,129,2,129,bat,"MA Chidambaram Stadium, Chepauk",129,1,0.5674603174603174,0.46494464944649444,0.102515668013823
548353,6,1419,6,bat,Eden Gardens,6,1,0.5151515151515151,0.2826086956521739,0.23254281949934125
548354,494,134,134,bat,"Punjab Cricket Association Stadium, Mohali",134,0,0.4659090909090909,0.5063829787234042,-0.040473887814313325
548355,3,129,3,field,Wankhede Stadium,3,1,0.5523465703971119,0.5674603174603174,-0.015113747063205563
548356,1,2,1,field,M Chinnaswamy Stadium,1,1,0.4925925925925926,0.46494464944649444,0.027647943146098142
548357,252,6,252,bat,Feroz Shah Kotla,6,0,0.45692883895131087,0.5151515151515151,-0.05822267620020427
548358,1419,134,1419,bat,Subrata Roy Sahara Stadium,134,0,0.2826086956521739,0.5063829787234042,-0.22377428307123032
548359,2,494,2,field,"Rajiv Gandhi International Stadium, Uppal",494,0,0.46494464944649444,0.4659090909090909,-0.0009644414625964437
548360,3,1,1,field,Wankhede Stadium,1,0,0.5523465703971119,0.4925925925925926,0.0597539778045193
548361,134,129,129,field,Sawai Mansingh Stadium,129,0,0.5063829787234042,0.5674603174603174,-0.061077338736913234
548362,1419,1,1419,field,Subrata Roy Sahara Stadium,1,0,0.2826086956521739,0.4925925925925926,-0.2099838969404187
548363,6,3,3,bat,Eden Gardens,3,0,0.5151515151515151,0.5523465703971119,-0.03719505524559674
548364,129,252,129,field,"MA Chidambaram Stadium, Chepauk",129,1,0.5674603174603174,0.45692883895131087,0.11053147850900658
548365,134,1419,134,bat,Sawai Mansingh Stadium,134,1,0.5063829787234042,0.2826086956521739,0.22377428307123032
548366,494,2,2,bat,"Punjab Cricket Association Stadium, Mohali",494,1,0.4659090909090909,0.46494464944649444,0.0009644414625964437
548367,1,3,3,field,M Chinnaswamy Stadium,3,0,0.4925925925925926,0.5523465703971119,-0.0597539778045193
548368,6,129,129,field,Eden Gardens,129,0,0.5151515151515151,0.5674603174603174,-0.052308802308802305
548369,252,494,494,bat,Feroz Shah Kotla,252,1,0.45692883895131087,0.4659090909090909,-0.008980251957780017
548370,3,6,3,field,Wankhede Stadium,6,0,0.5523465703971119,0.5151515151515151,0.03719505524559674
548371,494,129,494,field,Himachal Pradesh Cricket Association Stadium,494,1,0.4659090909090909,0.5674603174603174,-0.10155122655122656
548372,252,1,252,field,Feroz Shah Kotla,1,0,0.45692883895131087,0.4925925925925926,-0.035663753641281715
548373,2,134,134,bat,"Rajiv Gandhi International Stadium, Uppal",2,1,0.46494464944649444,0.5063829787234042,-0.04143832927690977
548374,494,252,252,field,Himachal Pradesh Cricket Association Stadium,252,0,0.4659090909090909,0.45692883895131087,0.008980251957780017
548375,1419,6,6,bat,Subrata Roy Sahara Stadium,6,0,0.2826086956521739,0.5151515151515151,-0.23254281949934125
548376,2,1,1,field,"Rajiv Gandhi International Stadium, Uppal",2,1,0.46494464944649444,0.4925925925925926,-0.027647943146098142
548377,134,3,134,bat,Sawai Mansingh Stadium,3,0,0.5063829787234042,0.5523465703971119,-0.04596359167370767
548378,252,6,6,bat,Subrata Roy Sahara Stadium,6,0,0.45692883895131087,0.5151515151515151,-0.05822267620020427
548379,129,3,3,field,M Chinnaswamy Stadium,129,1,0.5674603174603174,0.5523465703971119,0.015113747063205563
548380,252,129,252,field,"MA Chidambaram Stadium, Chepauk",129,0,0.45692883895131087,0.5674603174603174,-0.11053147850900658
548381,6,129,129,bat,"MA Chidambaram Stadium, Chepauk",6,1,0.5151515151515151,0.5674603174603174,-0.052308802308802305
597998,6,252,6,field,Eden Gardens,6,1,0.5151515151515151,0.45692883895131087,0.05822267620020427
597999,1,3,3,field,M Chinnaswamy Stadium,1,1,0.4925925925925926,0.5523465703971119,-0.0597539778045193
598000,2,1419,1419,field,"Rajiv Gandhi International Stadium, Uppal",2,1,0.46494464944649444,0.2826086956521739,0.18233595379432055
598001,252,134,134,bat,Feroz Shah Kotla,134,0,0.45692883895131087,0.5063829787234042,-0.04945413977209334
598002,129,3,3,bat,"MA Chidambaram Stadium, Chepauk",3,0,0.5674603174603174,0.5523465703971119,0.015113747063205563
598003,1419,494,1419,bat,Subrata Roy Sahara Stadium,494,0,0.2826086956521739,0.4659090909090909,-0.183300395256917
598004,2,1,1,bat,"Rajiv Gandhi International Stadium, Uppal",1,0,0.46494464944649444,0.4925925925925926,-0.027647943146098142
598005,134,6,6,field,Sawai Mansingh Stadium,134,1,0.5063829787234042,0.5151515151515151,-0.008768536428110929
598006,3,252,3,bat,Wankhede Stadium,3,1,0.5523465703971119,0.45692883895131087,0.09541773144580101
598007,494,129,129,field,"Punjab Cricket Association Stadium, Mohali",129,0,0.4659090909090909,0.5674603174603174,-0.10155122655122656
598008,1,6,1,field,M Chinnaswamy Stadium,1,1,0.4925925925925926,0.5151515151515151,-0.022558922558922556
598009,1419,134,134,bat,Subrata Roy Sahara Stadium,1419,1,0.2826086956521739,0.5063829787234042,-0.22377428307123032
598010,252,2,252,bat,Feroz Shah Kotla,2,0,0.45692883895131087,0.46494464944649444,-0.008015810495183573
598011,3,1419,3,bat,Wankhede Stadium,3,1,0.5523465703971119,0.2826086956521739,0.269737874744938
598012,129,1,129,field,"MA Chidambaram Stadium, Chepauk",129,1,0.5674603174603174,0.4925925925925926,0.07486772486772486
598013,6,2,6,bat,Eden Gardens,6,1,0.5151515151515151,0.46494464944649444,0.0502068657050207
598014,134,494,134,field,Sawai Mansingh Stadium,134,1,0.5063829787234042,0.4659090909090909,0.040473887814313325
598015,129,1419,1419,bat,"MA Chidambaram Stadium, Chepauk",1419,0,0.5674603174603174,0.2826086956521739,0.28485162180814355
598016,494,6,6,field,"Punjab Cricket Association Stadium, Mohali",494,1,0.4659090909090909,0.5151515151515151,-0.049242424242424254
598017,1,252,1,field,M Chinnaswamy Stadium,252,0,0.4925925925925926,0.45692883895131087,0.035663753641281715
598018,1419,2,1419,field,Maharashtra Cricket Association Stadium,2,0,0.2826086956521739,0.46494464944649444,-0.18233595379432055
598019,134,3,134,bat,Sawai Mansingh Stadium,134,1,0.5063829787234042,0.5523465703971119,-0.04596359167370767
598020,252,129,129,bat,Feroz Shah Kotla,129,0,0.45692883895131087,0.5674603174603174,-0.11053147850900658
598021,2,494,494,bat,"Rajiv Gandhi International Stadium, Uppal",2,1,0.46494464944649444,0.4659090909090909,-0.0009644414625964437
598022,6,129,6,bat,Eden Gardens,129,0,0.5151515151515151,0.5674603174603174,-0.052308802308802305
598023,1,134,1,field,M Chinnaswamy Stadium,1,1,0.4925925925925926,0.5063829787234042,-0.013790386130811627
598024,252,3,3,bat,Feroz Shah Kotla,252,1,0.45692883895131087,0.5523465703971119,-0.09541773144580101
598025,494,1419,494,field,"Punjab Cricket Association Stadium, Mohali",494,1,0.4659090909090909,0.2826086956521739,0.183300395256917
598026,129,134,134,bat,"MA Chidambaram Stadium, Chepauk",129,1,0.5674603174603174,0.5063829787234042,0.061077338736913234
598027,1,1419,1419,field,M Chinnaswamy Stadium,1,1,0.4925925925925926,0.2826086956521739,0.2099838969404187
598028,494,252,252,field,Himachal Pradesh Cricket Association Stadium,494,1,0.4659090909090909,0.45692883895131087,0.008980251957780017
598029,6,3,6,bat,Eden Gardens,3,0,0.5151515151515151,0.5523465703971119,-0.03719505524559674
598030,129,2,2,bat,"MA Chidambaram Stadium, Chepauk",129,1,0.5674603174603174,0.46494464944649444,0.102515668013823
598031,6,494,494,bat,Eden Gardens,6,1,0.5151515151515151,0.4659090909090909,0.049242424242424254
598032,134,2,2,bat,Sawai Mansingh Stadium,134,1,0.5063829787234042,0.46494464944649444,0.04143832927690977
598033,3,1,3,bat,Wankhede Stadium,3,1,0.5523465703971119,0.4925925925925926,0.0597539778045193
598034,129,6,6,field,"MA Chidambaram Stadium, Chepauk",129,1,0.5674603174603174,0.5151515151515151,0.052308802308802305
598035,252,1419,1419,field,Shaheed Veer Narayan Singh International Stadium,252,1,0.45692883895131087,0.2826086956521739,0.17432014329913698
598036,134,1,134,field,Sawai Mansingh Stadium,134,1,0.5063829787234042,0.4925925925925926,0.013790386130811627
598037,3,494,3,bat,Wankhede Stadium,3,1,0.5523465703971119,0.4659090909090909,0.086437479488021
598038,1419,129,129,bat,Subrata Roy Sahara Stadium,129,0,0.2826086956521739,0.5674603174603174,-0.28485162180814355
598039,2,3,3,bat,"Rajiv Gandhi International Stadium, Uppal",2,1,0.46494464944649444,0.5523465703971119,-0.08740192095061744
598040,252,6,6,bat,Shaheed Veer Narayan Singh International Stadium,252,1,0.45692883895131087,0.5151515151515151,-0.05822267620020427
598041,129,494,129,bat,"MA Chidambaram Stadium, Chepauk",129,1,0.5674603174603174,0.4659090909090909,0.10155122655122656
598042,1419,1,1,bat,Subrata Roy Sahara Stadium,1,0,0.2826086956521739,0.4925925925925926,-0.2099838969404187
598043,6,134,134,bat,Eden Gardens,6,1,0.5151515151515151,0.5063829787234042,0.008768536428110929
598044,2,252,252,bat,"Rajiv Gandhi International Stadium, Uppal",2,1,0.46494464944649444,0.45692883895131087,0.008015810495183573
598045,1,494,494,field,M Chinnaswamy Stadium,494,0,0.4925925925925926,0.4659090909090909,0.026683501683501698
598046,3,129,3,bat,Wankhede Stadium,3,1,0.5523465703971119,0.5674603174603174,-0.015113747063205563
598047,134,1419,1419,bat,Sawai Mansingh Stadium,134,1,0.5063829787234042,0.2826086956521739,0.22377428307123032
598048,1,2,2,bat,M Chinnaswamy Stadium,1,1,0.4925925925925926,0.46494464944649444,0.027647943146098142
598049,134,252,252,bat,Sawai Mansingh Stadium,134,1,0.5063829787234042,0.45692883895131087,0.04945413977209334
598050,3,6,3,bat,Wankhede Stadium,3,1,0.5523465703971119,0.5151515151515151,0.03719505524559674
598051,2,129,2,field,"Rajiv Gandhi International Stadium, Uppal",129,0,0.46494464944649444,0.5674603174603174,-0.102515668013823
598052,494,134,134,field,"Punjab Cricket Association Stadium, Mohali",134,0,0.4659090909090909,0.5063829787234042,-0.040473887814313325
598053,1419,6,6,bat,Subrata Roy Sahara Stadium,6,0,0.2826086956521739,0.5151515151515151,-0.23254281949934125
598054,252,1,252,field,Feroz Shah Kotla,1,0,0.45692883895131087,0.4925925925925926,-0.035663753641281715
598055,1419,3,1419,bat,Subrata Roy Sahara Stadium,3,0,0.2826086956521739,0.5523465703971119,-0.269737874744938
598056,494,2,494,field,"Punjab Cricket Association Stadium, Mohali",2,0,0.4659090909090909,0.46494464944649444,0.0009644414625964437
598057,6,1,6,field,JSCA International Stadium Complex,6,1,0.5151515151515151,0.4925925925925926,0.022558922558922556
598058,134,129,134,field,Sawai Mansingh Stadium,134,1,0.5063829787234042,0.5674603174603174,-0.061077338736913234
598059,252,494,494,field,Feroz Shah Kotla,494,0,0.45692883895131087,0.4659090909090909,-0.008980251957780017
598060,3,2,2,bat,Wankhede Stadium,3,1,0.5523465703971119,0.46494464944649444,0.08740192095061744
598061,6,1419,6,field,JSCA International Stadium Complex,1419,0,0.5151515151515151,0.2826086956521739,0.23254281949934125
598062,129,252,129,bat,"MA Chidambaram Stadium, Chepauk",129,1,0.5674603174603174,0.45692883895131087,0.11053147850900658
598063,3,134,134,field,Wankhede Stadium,3,1,0.5523465703971119,0.5063829787234042,0.04596359167370767
598064,494,1,494,field,"Punjab Cricket Association Stadium, Mohali",494,1,0.4659090909090909,0.4925925925925926,-0.026683501683501698
598065,2,134,2,bat,"Rajiv Gandhi International Stadium, Uppal",2,1,0.46494464944649444,0.5063829787234042,-0.04143832927690977
598066,494,3,3,field,Himachal Pradesh Cricket Association Stadium,494,1,0.4659090909090909,0.5523465703971119,-0.086437479488021
598067,1419,252,1419,bat,Subrata Roy Sahara Stadium,1419,1,0.2826086956521739,0.45692883895131087,-0.17432014329913698
598068,1,129,129,field,M Chinnaswamy Stadium,1,1,0.4925925925925926,0.5674603174603174,-0.07486772486772486
598069,2,6,6,bat,"Rajiv Gandhi International Stadium, Uppal",2,1,0.46494464944649444,0.5151515151515151,-0.0502068657050207
598070,129,3,129,bat,Feroz Shah Kotla,129,1,0.5674603174603174,0.5523465703971119,0.015113747063205563
598071,134,2,2,bat,Feroz Shah Kotla,134,1,0.5063829787234042,0.46494464944649444,0.04143832927690977
598072,3,134,134,bat,Eden Gardens,3,1,0.5523465703971119,0.5063829787234042,0.04596359167370767
598073,129,3,3,bat,Eden Gardens,3,0,0.5674603174603174,0.5523465703971119,0.015113747063205563
729279,3,6,6,bat,Sheikh Zayed Stadium,6,0,0.5523465703971119,0.5151515151515151,0.03719505524559674
729281,252,1,1,field,Sharjah Cricket Stadium,1,0,0.45692883895131087,0.4925925925925926,-0.035663753641281715
729283,129,494,129,bat,Sheikh Zayed Stadium,494,0,0.5674603174603174,0.4659090909090909,0.10155122655122656
729285,2,134,134,field,Sheikh Zayed Stadium,134,0,0.46494464944649444,0.5063829787234042,-0.04143832927690977
729287,1,3,1,field,Dubai International Cricket Stadium,1,1,0.4925925925925926,0.5523465703971119,-0.0597539778045193
729289,6,252,6,bat,Dubai International Cricket Stadium,252,0,0.5151515151515151,0.45692883895131087,0.05822267620020427
729291,134,494,494,field,Sharjah Cricket Stadium,494,0,0.5063829787234042,0.4659090909090909,0.040473887814313325
729293,129,252,129,bat,Sheikh Zayed Stadium,129,1,0.5674603174603174,0.45692883895131087,0.11053147850900658
729295,494,2,2,field,Sharjah Cricket Stadium,494,1,0.4659090909090909,0.46494464944649444,0.0009644414625964437
729297,134,129,134,field,Dubai International Cricket Stadium,129,0,0.5063829787234042,0.5674603174603174,-0.061077338736913234
729299,1,6,1,field,Sharjah Cricket Stadium,6,0,0.4925925925925926,0.5151515151515151,-0.022558922558922556
729301,2,252,2,bat,Dubai International Cricket Stadium,2,1,0.46494464944649444,0.45692883895131087,0.008015810495183573
729303,129,3,3,bat,Dubai International Cricket Stadium,129,1,0.5674603174603174,0.5523465703971119,0.015113747063205563
729305,134,1,134,field,Sheikh Zayed Stadium,134,1,0.5063829787234042,0.4925925925925926,0.013790386130811627
729307,6,494,6,field,Sheikh Zayed Stadium,494,0,0.5151515151515151,0.4659090909090909,0.049242424242424254
729309,252,3,3,bat,Sharjah Cricket Stadium,252,1,0.45692883895131087,0.5523465703971119,-0.09541773144580101
729311,2,129,2,bat,Sharjah Cricket Stadium,129,0,0.46494464944649444,0.5674603174603174,-0.102515668013823
729313,494,1,494,field,Dubai International Cricket Stadium,494,1,0.4659090909090909,0.4925925925925926,-0.026683501683501698
729315,6,134,134,bat,Sheikh Zayed Stadium,134,0,0.5151515151515151,0.5063829787234042,0.008768536428110929
729317,3,2,3,field,Dubai International Cricket Stadium,2,0,0.5523465703971119,0.46494464944649444,0.08740192095061744
733971,129,6,129,bat,JSCA International Stadium Complex,129,1,0.5674603174603174,0.5151515151515151,0.052308802308802305
733973,3,494,494,bat,Wankhede Stadium,3,1,0.5523465703971119,0.4659090909090909,0.086437479488021
733975,252,134,134,field,Feroz Shah Kotla,134,0,0.45692883895131087,0.5063829787234042,-0.04945413977209334
733977,1,2,1,field,M Chinnaswamy Stadium,1,1,0.4925925925925926,0.46494464944649444,0.027647943146098142
733979,134,6,6,field,"Sardar Patel Stadium, Motera",134,1,0.5063829787234042,0.5151515151515151,-0.008768536428110929
733981,252,129,129,field,Feroz Shah Kotla,129,0,0.45692883895131087,0.5674603174603174,-0.11053147850900658
733983,3,1,1,field,Wankhede Stadium,3,1,0.5523465703971119,0.4925925925925926,0.0597539778045193
733985,252,6,252,bat,Feroz Shah Kotla,6,0,0.45692883895131087,0.5151515151515151,-0.05822267620020427
733987,494,129,129,field,Barabati Stadium,494,1,0.4659090909090909,0.5674603174603174,-0.10155122655122656
733989,134,2,134,field,"Sardar Patel Stadium, Motera",2,0,0.5063829787234042,0.46494464944649444,0.04143832927690977
733991,1,494,1,field,M Chinnaswamy Stadium,494,0,0.4925925925925926,0.4659090909090909,0.026683501683501698
733993,252,2,2,field,Feroz Shah Kotla,2,0,0.45692883895131087,0.46494464944649444,-0.008015810495183573
733995,3,129,129,field,Wankhede Stadium,129,0,0.5523465703971119,0.5674603174603174,-0.015113747063205563
733997,494,6,6,field,Barabati Stadium,6,0,0.4659090909090909,0.5151515151515151,-0.049242424242424254
733999,1,134,1,bat,M Chinnaswamy Stadium,134,0,0.4925925925925926,0.5063829787234042,-0.013790386130811627
734001,2,3,2,bat,"Rajiv Gandhi International Stadium, Uppal",3,0,0.46494464944649444,0.5523465703971119,-0.08740192095061744
734003,129,134,134,bat,JSCA International Stadium Complex,129,1,0.5674603174603174,0.5063829787234042,0.061077338736913234
734005,1,252,252,field,M Chinnaswamy Stadium,1,1,0.4925925925925926,0.45692883895131087,0.035663753641281715
734007,2,494,494,field,"Rajiv Gandhi International Stadium, Uppal",494,0,0.46494464944649444,0.4659090909090909,-0.0009644414625964437
734009,6,3,6,field,Barabati Stadium,6,1,0.5151515151515151,0.5523465703971119,-0.03719505524559674
734011,134,252,252,field,"Sardar Patel Stadium, Motera",134,1,0.5063829787234042,0.45692883895131087,0.04945413977209334
734013,129,1,129,bat,JSCA International Stadium Complex,1,0,0.5674603174603174,0.4925925925925926,0.07486772486772486
734015,2,6,2,bat,"Rajiv Gandhi International Stadium, Uppal",6,0,0.46494464944649444,0.5151515151515151,-0.0502068657050207
734017,134,3,3,bat,"Sardar Patel Stadium, Motera",3,0,0.5063829787234042,0.5523465703971119,-0.04596359167370767
734019,252,494,494,field,Feroz Shah Kotla,494,0,0.45692883895131087,0.4659090909090909,-0.008980251957780017
734021,2,1,1,bat,"Rajiv Gandhi International Stadium, Uppal",2,1,0.46494464944649444,0.4925925925925926,-0.027647943146098142
734023,6,129,6,field,Eden Gardens,6,1,0.5151515151515151,0.5674603174603174,-0.052308802308802305
734025,494,3,3,field,"Punjab Cricket Association Stadium, Mohali",3,0,0.4659090909090909,0.5523465703971119,-0.086437479488021
734027,6,1,1,field,Eden Gardens,6,1,0.5151515151515151,0.4925925925925926,0.022558922558922556
734029,129,2,2,field,JSCA International Stadium Complex,2,0,0.5674603174603174,0.46494464944649444,0.102515668013823
734031,3,252,252,field,Wankhede Stadium,3,1,0.5523465703971119,0.45692883895131087,0.09541773144580101
734033,494,134,134,field,"Punjab Cricket Association Stadium, Mohali",494,1,0.4659090909090909,0.5063829787234042,-0.040473887814313325
734035,1,129,129,field,M Chinnaswamy Stadium,129,0,0.4925925925925926,0.5674603174603174,-0.07486772486772486
734037,6,2,6,field,Eden Gardens,6,1,0.5151515151515151,0.46494464944649444,0.0502068657050207
734039,494,252,494,field,"Punjab Cricket Association Stadium, Mohali",494,1,0.4659090909090909,0.45692883895131087,0.008980251957780017
734041,3,134,3,field,Wankhede Stadium,3,1,0.5523465703971119,0.5063829787234042,0.04596359167370767
734043,494,6,494,field,Eden Gardens,6,0,0.4659090909090909,0.5151515151515151,-0.049242424242424254
734045,129,3,129,field,Brabourne Stadium,129,1,0.5674603174603174,0.5523465703971119,0.015113747063205563
734047,129,494,129,field,Wankhede Stadium,494,0,0.5674603174603174,0.4659090909090909,0.10155122655122656
734049,6,494,6,field,M Chinnaswamy Stadium,6,1,0.5151515151515151,0.4659090909090909,0.049242424242424254
829705,6,3,6,field,Eden Gardens,6,1,0.5151515151515151,0.5523465703971119,-0.03719505524559674
829707,129,252,252,field,"MA Chidambaram Stadium, Chepauk",129,1,0.5674603174603174,0.45692883895131087,0.11053147850900658
829709,494,134,494,field,Maharashtra Cricket Association Stadium,134,0,0.4659090909090909,0.5063829787234042,-0.040473887814313325
829711,129,2,129,bat,"MA Chidambaram Stadium, Chepauk",129,1,0.5674603174603174,0.46494464944649444,0.102515668013823
829713,6,1,1,field,Eden Gardens,1,0,0.5151515151515151,0.4925925925925926,0.022558922558922556
829715,252,134,134,field,Feroz Shah Kotla,134,0,0.45692883895131087,0.5063829787234042,-0.04945413977209334
829717,3,494,3,field,Wankhede Stadium,494,0,0.5523465703971119,0.4659090909090909,0.086437479488021
829719,1,2,2,field,M Chinnaswamy Stadium,2,0,0.4925925925925926,0.46494464944649444,0.027647943146098142
829721,134,3,3,bat,"Sardar Patel Stadium, Motera",134,1,0.5063829787234042,0.5523465703971119,-0.04596359167370767
829723,6,129,6,field,Eden Gardens,6,1,0.5151515151515151,0.5674603174603174,-0.052308802308802305
829725,494,252,494,bat,Maharashtra Cricket Association Stadium,252,0,0.4659090909090909,0.45692883895131087,0.008980251957780017
829727,2,134,134,field,Dr. Y.S. Rajasekhara Reddy ACA-VDCA Cricket Stadium,134,0,0.46494464944649444,0.5063829787234042,-0.04143832927690977
829729,3,129,3,bat,Wankhede Stadium,129,0,0.5523465703971119,0.5674603174603174,-0.015113747063205563
829731,2,252,252,bat,Dr. Y.S. Rajasekhara Reddy ACA-VDCA Cricket Stadium,252,0,0.46494464944649444,0.45692883895131087,0.008015810495183573
829733,494,6,6,field,Maharashtra Cricket Association Stadium,6,0,0.4659090909090909,0.5151515151515151,-0.049242424242424254
829735,134,129,129,bat,"Sardar Patel Stadium, Motera",134,1,0.5063829787234042,0.5674603174603174,-0.061077338736913234
829737,1,3,1,field,M Chinnaswamy Stadium,3,0,0.4925925925925926,0.5523465703971119,-0.0597539778045193
829739,252,6,6,field,Feroz Shah Kotla,6,0,0.45692883895131087,0.5151515151515151,-0.05822267620020427
829741,134,494,494,field,"Sardar Patel Stadium, Motera",494,0,0.5063829787234042,0.4659090909090909,0.040473887814313325
829743,2,6,6,field,Dr. Y.S. Rajasekhara Reddy ACA-VDCA Cricket Stadium,2,1,0.46494464944649444,0.5151515151515151,-0.0502068657050207
829745,1,129,1,field,M Chinnaswamy Stadium,129,0,0.4925925925925926,0.5674603174603174,-0.07486772486772486
829747,252,3,3,field,Feroz Shah Kotla,252,1,0.45692883895131087,0.5523465703971119,-0.09541773144580101
829749,134,1,1,field,"Sardar Patel Stadium, Motera",1,0,0.5063829787234042,0.4925925925925926,0.013790386130811627
829751,3,2,3,bat,Wankhede Stadium,3,1,0.5523465703971119,0.46494464944649444,0.08740192095061744
829753,129,494,129,bat,"MA Chidambaram Stadium, Chepauk",129,1,0.5674603174603174,0.4659090909090909,0.10155122655122656
829757,252,1,1,field,Feroz Shah Kotla,1,0,0.45692883895131087,0.4925925925925926,-0.035663753641281715
829759,494,2,494,field,"Punjab Cricket Association Stadium, Mohali",2,0,0.4659090909090909,0.46494464944649444,0.0009644414625964437
829761,6,252,6,bat,Eden Gardens,6,1,0.5151515151515151,0.45692883895131087,0.05822267620020427
829763,1,134,134,field,M Chinnaswamy Stadium,134,0,0.4925925925925926,0.5063829787234042,-0.013790386130811627
829765,129,6,6,field,"MA Chidambaram Stadium, Chepauk",129,1,0.5674603174603174,0.5151515151515151,0.052308802308802305
829767,252,494,252,field,Feroz Shah Kotla,252,1,0.45692883895131087,0.4659090909090909,-0.008980251957780017
829769,3,134,134,field,Wankhede Stadium,3,1,0.5523465703971119,0.5063829787234042,0.04596359167370767
829771,1,6,1,field,M Chinnaswamy Stadium,1,1,0.4925925925925926,0.5151515151515151,-0.022558922558922556
829773,2,129,129,field,"Rajiv Gandhi International Stadium, Uppal",2,1,0.46494464944649444,0.5674603174603174,-0.102515668013823
829775,494,3,3,bat,"Punjab Cricket Association Stadium, Mohali",3,0,0.4659090909090909,0.5523465703971119,-0.086437479488021
829777,134,252,252,field,Brabourne Stadium,134,1,0.5063829787234042,0.45692883895131087,0.04945413977209334
829779,129,1,129,bat,"MA Chidambaram Stadium, Chepauk",129,1,0.5674603174603174,0.4925925925925926,0.07486772486772486
829781,6,2,2,field,Eden Gardens,6,1,0.5151515151515151,0.46494464944649444,0.0502068657050207
829783,3,252,252,bat,Wankhede Stadium,3,1,0.5523465703971119,0.45692883895131087,0.09541773144580101
829785,1,494,494,field,M Chinnaswamy Stadium,1,1,0.4925925925925926,0.4659090909090909,0.026683501683501698
829787,134,2,134,field,Brabourne Stadium,2,0,0.5063829787234042,0.46494464944649444,0.04143832927690977
829789,129,3,129,bat,"MA Chidambaram Stadium, Chepauk",3,0,0.5674603174603174,0.5523465703971119,0.015113747063205563
829791,6,494,494,bat,Eden Gardens,6,1,0.5151515151515151,0.4659090909090909,0.049242424242424254
829793,252,2,2,bat,Shaheed Veer Narayan Singh International Stadium,2,0,0.45692883895131087,0.46494464944649444,-0.008015810495183573
829795,3,1,1,bat,Wankhede Stadium,1,0,0.5523465703971119,0.4925925925925926,0.0597539778045193
829797,129,134,129,bat,"MA Chidambaram Stadium, Chepauk",129,1,0.5674603174603174,0.5063829787234042,0.061077338736913234
829799,2,494,2,bat,"Rajiv Gandhi International Stadium, Uppal",2,1,0.46494464944649444,0.4659090909090909,-0.0009644414625964437
829801,252,129,129,bat,Shaheed Veer Narayan Singh International Stadium,252,1,0.45692883895131087,0.5674603174603174,-0.11053147850900658
829803,494,1,1,field,"Punjab Cricket Association Stadium, Mohali",494,1,0.4659090909090909,0.4925925925925926,-0.026683501683501698
829805,3,6,6,field,Wankhede Stadium,3,1,0.5523465703971119,0.5151515151515151,0.03719505524559674
829807,2,1,2,bat,"Rajiv Gandhi International Stadium, Uppal",1,0,0.46494464944649444,0.4925925925925926,-0.027647943146098142
829809,494,129,494,bat,"Punjab Cricket Association Stadium, Mohali",129,0,0.4659090909090909,0.5674603174603174,-0.10155122655122656
829811,134,6,134,bat,Brabourne Stadium,134,1,0.5063829787234042,0.5151515151515151,-0.008768536428110929
829813,1,252,1,field,M Chinnaswamy Stadium,252,0,0.4925925925925926,0.45692883895131087,0.035663753641281715
829815,2,3,2,bat,"Rajiv Gandhi International Stadium, Uppal",3,0,0.46494464944649444,0.5523465703971119,-0.08740192095061744
829817,129,3,3,bat,Wankhede Stadium,3,0,0.5674603174603174,0.5523465703971119,0.015113747063205563
829819,1,134,1,bat,Maharashtra Cricket Association Stadium,1,1,0.4925925925925926,0.5063829787234042,-0.013790386130811627
829821,129,1,129,field,JSCA International Stadium Complex,129,1,0.5674603174603174,0.4925925925925926,0.07486772486772486
829823,3,129,129,field,Eden Gardens,3,1,0.5523465703971119,0.5674603174603174,-0.015113747063205563
980901,3,4,3,bat,Wankhede Stadium,4,0,0.5523465703971119,0.5,0.05234657039711188
980903,6,252,6,field,Eden Gardens,6,1,0.5151515151515151,0.45692883895131087,0.05822267620020427
980905,494,5,5,field,"Punjab Cricket Association IS Bindra Stadium, Mohali",5,0,0.4659090909090909,0.43333333333333335,0.032575757575757536
980907,1,2,2,field,M Chinnaswamy Stadium,1,1,0.4925925925925926,0.46494464944649444,0.027647943146098142
980909,6,3,3,field,Eden Gardens,3,0,0.5151515151515151,0.5523465703971119,-0.03719505524559674
980911,5,4,4,bat,Saurashtra Cricket Association Stadium,5,1,0.43333333333333335,0.5,-0.06666666666666665
980913,252,494,252,field,Feroz Shah Kotla,252,1,0.45692883895131087,0.4659090909090909,-0.008980251957780017
980915,2,6,2,bat,"Rajiv Gandhi International Stadium, Uppal",6,0,0.46494464944649444,0.5151515151515151,-0.0502068657050207
980917,3,5,5,field,Wankhede Stadium,5,0,0.5523465703971119,0.43333333333333335,0.11901323706377853
980919,494,4,4,bat,"Punjab Cricket Association IS Bindra Stadium, Mohali",494,1,0.4659090909090909,0.5,-0.034090909090909116
980921,1,252,252,field,M Chinnaswamy Stadium,252,0,0.4925925925925926,0.45692883895131087,0.035663753641281715
980923,2,3,2,field,"Rajiv Gandhi International Stadium, Uppal",2,1,0.46494464944649444,0.5523465703971119,-0.08740192095061744
980925,494,6,6,field,"Punjab Cricket Association IS Bindra Stadium, Mohali",6,0,0.4659090909090909,0.5151515151515151,-0.049242424242424254
980927,3,1,3,field,Wankhede Stadium,3,1,0.5523465703971119,0.4925925925925926,0.0597539778045193
980929,5,2,2,field,Saurashtra Cricket Association Stadium,2,0,0.43333333333333335,0.46494464944649444,-0.03161131611316109
980931,4,1,4,field,Maharashtra Cricket Association Stadium,1,0,0.5,0.4925925925925926,0.007407407407407418
980933,252,3,3,field,Feroz Shah Kotla,252,1,0.45692883895131087,0.5523465703971119,-0.09541773144580101
980935,2,494,2,field,"Rajiv Gandhi International Stadium, Uppal",2,1,0.46494464944649444,0.4659090909090909,-0.0009644414625964437
980937,5,1,1,bat,Saurashtra Cricket Association Stadium,5,1,0.43333333333333335,0.4925925925925926,-0.059259259259259234
980939,4,6,6,field,Maharashtra Cricket Association Stadium,6,0,0.5,0.5151515151515151,-0.015151515151515138
980941,494,3,494,field,"Punjab Cricket Association IS Bindra Stadium, Mohali",3,0,0.4659090909090909,0.5523465703971119,-0.086437479488021
980943,2,4,4,field,"Rajiv Gandhi International Stadium, Uppal",4,0,0.46494464944649444,0.5,-0.03505535055350556
980945,252,5,252,field,Feroz Shah Kotla,5,0,0.45692883895131087,0.43333333333333335,0.02359550561797752
980947,3,6,3,field,Wankhede Stadium,3,1,0.5523465703971119,0.5151515151515151,0.03719505524559674
980949,4,5,5,field,Maharashtra Cricket Association Stadium,5,0,0.5,0.43333333333333335,0.06666666666666665
980951,252,6,6,field,Feroz Shah Kotla,252,1,0.45692883895131087,0.5151515151515151,-0.05822267620020427
980953,2,1,1,field,"Rajiv Gandhi International Stadium, Uppal",2,1,0.46494464944649444,0.4925925925925926,-0.027647943146098142
980955,5,494,5,field,Saurashtra Cricket Association Stadium,494,0,0.43333333333333335,0.4659090909090909,-0.032575757575757536
980957,4,3,3,field,Maharashtra Cricket Association Stadium,3,0,0.5,0.5523465703971119,-0.05234657039711188
980959,1,6,6,field,M Chinnaswamy Stadium,6,0,0.4925925925925926,0.5151515151515151,-0.022558922558922556
980961,5,252,252,field,Saurashtra Cricket Association Stadium,252,0,0.43333333333333335,0.45692883895131087,-0.02359550561797752
980963,6,494,494,field,Eden Gardens,6,1,0.5151515151515151,0.4659090909090909,0.049242424242424254
980965,252,4,4,field,Feroz Shah Kotla,4,0,0.45692883895131087,0.5,-0.04307116104868913
980967,2,5,2,field,"Rajiv Gandhi International Stadium, Uppal",2,1,0.46494464944649444,0.43333333333333335,0.03161131611316109
980969,1,4,1,field,M Chinnaswamy Stadium,1,1,0.4925925925925926,0.5,-0.007407407407407418
980971,494,252,252,field,"Punjab Cricket Association IS Bindra Stadium, Mohali",494,1,0.4659090909090909,0.45692883895131087,0.008980251957780017
980973,3,2,3,field,Dr. Y.S. Rajasekhara Reddy ACA-VDCA Cricket Stadium,2,0,0.5523465703971119,0.46494464944649444,0.08740192095061744
980975,6,5,5,field,Eden Gardens,5,0,0.5151515151515151,0.43333333333333335,0.08181818181818179
980977,494,1,494,field,"Punjab Cricket Association IS Bindra Stadium, Mohali",1,0,0.4659090909090909,0.4925925925925926,-0.026683501683501698
1473446,615,3,3,field,"Narendra Modi Stadium, Ahmedabad",615,1,0.6166666666666667,0.5523465703971119,0.06432009626955482
980979,4,2,2,bat,Dr. Y.S. Rajasekhara Reddy ACA-VDCA Cricket Stadium,2,0,0.5,0.46494464944649444,0.03505535055350556
980981,1,3,3,field,M Chinnaswamy Stadium,3,0,0.4925925925925926,0.5523465703971119,-0.0597539778045193
980983,2,252,252,field,"Rajiv Gandhi International Stadium, Uppal",252,0,0.46494464944649444,0.45692883895131087,0.008015810495183573
980985,3,494,3,bat,Dr. Y.S. Rajasekhara Reddy ACA-VDCA Cricket Stadium,494,0,0.5523465703971119,0.4659090909090909,0.086437479488021
980987,1,5,5,field,M Chinnaswamy Stadium,1,1,0.4925925925925926,0.43333333333333335,0.059259259259259234
980989,6,4,4,bat,Eden Gardens,6,1,0.5151515151515151,0.5,0.015151515151515138
980991,494,2,494,bat,"Punjab Cricket Association IS Bindra Stadium, Mohali",2,0,0.4659090909090909,0.46494464944649444,0.0009644414625964437
980993,3,252,252,field,Dr. Y.S. Rajasekhara Reddy ACA-VDCA Cricket Stadium,3,1,0.5523465703971119,0.45692883895131087,0.09541773144580101
980995,6,1,1,field,Eden Gardens,1,0,0.5151515151515151,0.4925925925925926,0.022558922558922556
980997,4,252,4,field,Dr. Y.S. Rajasekhara Reddy ACA-VDCA Cricket Stadium,4,1,0.5,0.45692883895131087,0.04307116104868913
980999,1,494,494,field,M Chinnaswamy Stadium,1,1,0.4925925925925926,0.4659090909090909,0.026683501683501698
981001,5,6,5,field,Green Park,5,1,0.43333333333333335,0.5151515151515151,-0.08181818181818179
981003,252,2,252,field,Shaheed Veer Narayan Singh International Stadium,252,1,0.45692883895131087,0.46494464944649444,-0.008015810495183573
981005,4,494,494,bat,Dr. Y.S. Rajasekhara Reddy ACA-VDCA Cricket Stadium,4,1,0.5,0.4659090909090909,0.034090909090909116
981007,5,3,5,field,Green Park,5,1,0.43333333333333335,0.5523465703971119,-0.11901323706377853
981009,6,2,2,field,Eden Gardens,6,1,0.5151515151515151,0.46494464944649444,0.0502068657050207
981011,252,1,1,field,Shaheed Veer Narayan Singh International Stadium,1,0,0.45692883895131087,0.4925925925925926,-0.035663753641281715
981013,5,1,1,field,M Chinnaswamy Stadium,1,0,0.43333333333333335,0.4925925925925926,-0.059259259259259234
981015,2,6,6,field,Feroz Shah Kotla,2,1,0.46494464944649444,0.5151515151515151,-0.0502068657050207
981017,5,2,2,field,Feroz Shah Kotla,2,0,0.43333333333333335,0.46494464944649444,-0.03161131611316109
981019,1,2,2,bat,M Chinnaswamy Stadium,2,0,0.4925925925925926,0.46494464944649444,0.027647943146098142
1473447,2,252,2,bat,"Dr. Y.S. Rajasekhara Reddy ACA-VDCA Cricket Stadium, Visakhapatnam",252,0,0.46494464944649444,0.45692883895131087,0.008015810495183573
1473448,134,129,129,field,"Barsapara Cricket Stadium, Guwahati",134,1,0.5063829787234042,0.5674603174603174,-0.061077338736913234
1473449,6,3,3,field,"Wankhede Stadium, Mumbai",3,0,0.5151515151515151,0.5523465703971119,-0.03719505524559674
1473450,614,494,494,field,"Bharat Ratna Shri Atal Bihari Vajpayee Ekana Cricket Stadium, Lucknow",494,0,0.5172413793103449,0.4659090909090909,0.05133228840125398
1473451,1,615,615,field,"M Chinnaswamy Stadium, Bengaluru",615,0,0.4925925925925926,0.6166666666666667,-0.12407407407407411
1473452,6,2,2,field,"Eden Gardens, Kolkata",6,1,0.5151515151515151,0.46494464944649444,0.0502068657050207
1473453,614,3,3,field,"Bharat Ratna Shri Atal Bihari Vajpayee Ekana Cricket Stadium, Lucknow",614,1,0.5172413793103449,0.5523465703971119,-0.03510519108676702
1473454,252,129,252,bat,"MA Chidambaram Stadium, Chepauk, Chennai",252,1,0.45692883895131087,0.5674603174603174,-0.11053147850900658
1473455,134,494,494,field,"Maharaja Yadavindra Singh International Cricket Stadium, Mullanpur",134,1,0.5063829787234042,0.4659090909090909,0.040473887814313325
1473456,614,6,6,field,"Eden Gardens, Kolkata",614,1,0.5172413793103449,0.5151515151515151,0.002089864158829724
1473457,2,615,615,field,"Rajiv Gandhi International Stadium, Uppal, Hyderabad",615,0,0.46494464944649444,0.6166666666666667,-0.15172201722017226
1473458,1,3,3,field,"Wankhede Stadium, Mumbai",1,1,0.4925925925925926,0.5523465703971119,-0.0597539778045193
1473459,494,129,494,bat,"Maharaja Yadavindra Singh International Cricket Stadium, Mullanpur",494,1,0.4659090909090909,0.5674603174603174,-0.10155122655122656
1473460,615,134,134,field,"Narendra Modi Stadium, Ahmedabad",615,1,0.6166666666666667,0.5063829787234042,0.11028368794326249
1473461,1,252,252,field,"M Chinnaswamy Stadium, Bengaluru",252,0,0.4925925925925926,0.45692883895131087,0.035663753641281715
1473462,129,6,6,field,"MA Chidambaram Stadium, Chepauk, Chennai",6,0,0.5674603174603174,0.5151515151515151,0.052308802308802305
1473463,615,614,614,field,"Bharat Ratna Shri Atal Bihari Vajpayee Ekana Cricket Stadium, Lucknow",614,0,0.6166666666666667,0.5172413793103449,0.09942528735632183
1473464,494,2,494,bat,"Rajiv Gandhi International Stadium, Uppal, Hyderabad",2,0,0.4659090909090909,0.46494464944649444,0.0009644414625964437
1473465,134,1,1,field,"Sawai Mansingh Stadium, Jaipur",1,0,0.5063829787234042,0.4925925925925926,0.013790386130811627
1473466,3,252,252,field,"Arun Jaitley Stadium, Delhi",3,1,0.5523465703971119,0.45692883895131087,0.09541773144580101
1473467,614,129,129,field,"Bharat Ratna Shri Atal Bihari Vajpayee Ekana Cricket Stadium, Lucknow",129,0,0.5172413793103449,0.5674603174603174,-0.05021893814997258
1473468,494,6,494,bat,"Maharaja Yadavindra Singh International Cricket Stadium, Mullanpur",494,1,0.4659090909090909,0.5151515151515151,-0.049242424242424254
1473469,252,134,134,field,"Arun Jaitley Stadium, Delhi",134,0,0.45692883895131087,0.5063829787234042,-0.04945413977209334
1473470,2,3,3,field,"Wankhede Stadium, Mumbai",3,0,0.46494464944649444,0.5523465703971119,-0.08740192095061744
1473471,1,494,494,field,"M Chinnaswamy Stadium, Bengaluru",494,0,0.4925925925925926,0.4659090909090909,0.026683501683501698
1473472,252,615,615,field,"Narendra Modi Stadium, Ahmedabad",615,0,0.45692883895131087,0.6166666666666667,-0.15973782771535583
1473473,614,134,614,bat,"Sawai Mansingh Stadium, Jaipur",614,1,0.5172413793103449,0.5063829787234042,0.010858400586940653
1473474,494,1,1,field,"Maharaja Yadavindra Singh International Cricket Stadium, Mullanpur",1,0,0.4659090909090909,0.4925925925925926,-0.026683501683501698
1473475,129,3,3,field,"Wankhede Stadium, Mumbai",3,0,0.5674603174603174,0.5523465703971119,0.015113747063205563
1473476,615,6,6,field,"Eden Gardens, Kolkata",615,1,0.6166666666666667,0.5151515151515151,0.10151515151515156
1473477,614,252,252,field,"Bharat Ratna Shri Atal Bihari Vajpayee Ekana Cricket Stadium, Lucknow",252,0,0.5172413793103449,0.45692883895131087,0.060312540359033995
1473478,2,3,3,field,"Rajiv Gandhi International Stadium, Uppal, Hyderabad",3,0,0.46494464944649444,0.5523465703971119,-0.08740192095061744
1473479,1,134,134,field,"M Chinnaswamy Stadium, Bengaluru",1,1,0.4925925925925926,0.5063829787234042,-0.013790386130811627
1473480,129,2,2,field,"MA Chidambaram Stadium, Chepauk, Chennai",2,0,0.5674603174603174,0.46494464944649444,0.102515668013823
1473481,494,6,494,bat,"Eden Gardens, Kolkata",6,0,0.4659090909090909,0.5151515151515151,-0.049242424242424254
1473482,3,614,614,field,"Wankhede Stadium, Mumbai",3,1,0.5523465703971119,0.5172413793103449,0.03510519108676702
1473483,252,1,1,field,"Arun Jaitley Stadium, Delhi",1,0,0.45692883895131087,0.4925925925925926,-0.035663753641281715
1473484,615,134,134,field,"Sawai Mansingh Stadium, Jaipur",134,0,0.6166666666666667,0.5063829787234042,0.11028368794326249
1473485,6,252,252,field,"Arun Jaitley Stadium, Delhi",6,1,0.5151515151515151,0.45692883895131087,0.05822267620020427
1473486,129,494,494,field,"MA Chidambaram Stadium, Chepauk, Chennai",494,0,0.5674603174603174,0.4659090909090909,0.10155122655122656
1473487,3,134,134,field,"Sawai Mansingh Stadium, Jaipur",3,1,0.5523465703971119,0.5063829787234042,0.04596359167370767
1473488,615,2,2,field,"Narendra Modi Stadium, Ahmedabad",615,1,0.6166666666666667,0.46494464944649444,0.15172201722017226
1473489,1,129,129,field,"M Chinnaswamy Stadium, Bengaluru",1,1,0.4925925925925926,0.5674603174603174,-0.07486772486772486
1473490,6,134,6,bat,"Eden Gardens, Kolkata",6,1,0.5151515151515151,0.5063829787234042,0.008768536428110929
1473491,494,614,614,field,"Himachal Pradesh Cricket Association Stadium, Dharamsala",494,1,0.4659090909090909,0.5172413793103449,-0.05133228840125398
1473492,252,2,2,field,"Rajiv Gandhi International Stadium, Uppal, Hyderabad",2,0,0.45692883895131087,0.46494464944649444,-0.008015810495183573
1473493,3,615,615,field,"Wankhede Stadium, Mumbai",615,0,0.5523465703971119,0.6166666666666667,-0.06432009626955482
1473494,6,129,6,bat,"Eden Gardens, Kolkata",129,0,0.5151515151515151,0.5674603174603174,-0.052308802308802305
1473495,494,252,494,bat,"Himachal Pradesh Cricket Association Stadium, Dharamsala",252,0,0.4659090909090909,0.45692883895131087,0.008980251957780017
1473497,494,134,494,bat,"Sawai Mansingh Stadium, Jaipur",494,1,0.4659090909090909,0.5063829787234042,-0.040473887814313325
1473498,252,615,615,field,"Arun Jaitley Stadium, Delhi",615,0,0.45692883895131087,0.6166666666666667,-0.15973782771535583
1473499,614,2,2,field,"Bharat Ratna Shri Atal Bihari Vajpayee Ekana Cricket Stadium, Lucknow",2,0,0.5172413793103449,0.46494464944649444,0.05229672986385042
1473500,129,134,134,field,"Arun Jaitley Stadium, Delhi",134,0,0.5674603174603174,0.5063829787234042,0.061077338736913234
1473501,3,252,252,field,"Wankhede Stadium, Mumbai",3,1,0.5523465703971119,0.45692883895131087,0.09541773144580101
1473502,614,615,615,field,"Narendra Modi Stadium, Ahmedabad",614,1,0.5172413793103449,0.6166666666666667,-0.09942528735632183
1473503,2,1,1,field,"Bharat Ratna Shri Atal Bihari Vajpayee Ekana Cricket Stadium, Lucknow",2,1,0.46494464944649444,0.4925925925925926,-0.027647943146098142
1473504,129,615,129,bat,"Narendra Modi Stadium, Ahmedabad",129,1,0.5674603174603174,0.6166666666666667,-0.049206349206349254
1473505,2,6,2,bat,"Arun Jaitley Stadium, Delhi",2,1,0.46494464944649444,0.5151515151515151,-0.0502068657050207
1473506,3,494,494,field,"Sawai Mansingh Stadium, Jaipur",494,0,0.5523465703971119,0.4659090909090909,0.086437479488021
1473507,614,1,1,field,"Bharat Ratna Shri Atal Bihari Vajpayee Ekana Cricket Stadium, Lucknow",1,0,0.5172413793103449,0.4925925925925926,0.02464878671775228
1473508,494,1,1,field,"Maharaja Yadavindra Singh International Cricket Stadium, Mullanpur",1,0,0.4659090909090909,0.4925925925925926,-0.026683501683501698
1473509,3,615,3,bat,"Maharaja Yadavindra Singh International Cricket Stadium, New Chandigarh",3,1,0.5523465703971119,0.6166666666666667,-0.06432009626955482
1473510,3,494,494,field,"Narendra Modi Stadium, Ahmedabad",494,0,0.5523465703971119,0.4659090909090909,0.086437479488021
1473511,1,494,494,field,"Narendra Modi Stadium, Ahmedabad",1,1,0.4925925925925926,0.4659090909090909,0.026683501683501698
1485779,494,252,252,field,"Sawai Mansingh Stadium, Jaipur",252,0,0.4659090909090909,0.45692883895131087,0.008980251957780017
